Year,Julian.day,Timestamp,Temperature,Sunrise,Sunset,Daytime
2014,1,2014-01-01,4.84,08:52,16:06,07:13
2014,2,2014-01-02,5.25,08:52,16:07,07:15
2014,3,2014-01-03,5.63,08:52,16:09,07:16
2014,4,2014-01-04,5.39,08:51,16:10,07:18
2014,5,2014-01-05,4.92,08:51,16:11,07:20
2014,6,2014-01-06,5.74,08:50,16:13,07:22
2014,7,2014-01-07,6.14,08:50,16:14,07:24
2014,8,2014-01-08,6.26,08:49,16:16,07:26
2014,9,2014-01-09,5.32,08:49,16:17,07:28
2014,10,2014-01-10,5.19,08:48,16:19,07:31
2014,11,2014-01-11,4.86,08:47,16:20,07:33
2014,12,2014-01-12,4.34,08:46,16:22,07:36
2014,13,2014-01-13,5.02,08:45,16:24,07:38
2014,14,2014-01-14,4.12,08:44,16:26,07:41
2014,15,2014-01-15,5.02,08:43,16:27,07:44
2014,16,2014-01-16,5.55,08:42,16:29,07:47
2014,17,2014-01-17,5.59,08:41,16:31,07:50
2014,18,2014-01-18,5.72,08:40,16:33,07:53
2014,19,2014-01-19,5.39,08:38,16:35,07:56
2014,20,2014-01-20,5.1,08:37,16:37,07:59
2014,21,2014-01-21,5.02,08:36,16:39,08:02
2014,22,2014-01-22,5.83,08:34,16:41,08:06
2014,23,2014-01-23,5.46,08:33,16:42,08:09
2014,24,2014-01-24,5.27,08:31,16:44,08:13
2014,25,2014-01-25,6.37,08:30,16:47,08:16
2014,26,2014-01-26,5.03,08:28,16:49,08:20
2014,27,2014-01-27,4.93,08:27,16:51,08:23
2014,28,2014-01-28,5.3,08:25,16:53,08:27
2014,29,2014-01-29,5.53,08:23,16:55,08:31
2014,30,2014-01-30,5.57,08:22,16:57,08:35
2014,31,2014-01-31,5.02,08:20,16:59,08:38
2014,32,2014-02-01,4.26,08:18,17:01,08:42
2014,33,2014-02-02,4.85,08:16,17:03,08:46
2014,34,2014-02-03,5.72,08:14,17:05,08:50
2014,35,2014-02-04,5.83,08:12,17:07,08:54
2014,36,2014-02-05,5.47,08:11,17:09,08:58
2014,37,2014-02-06,5.78,08:09,17:11,09:02
2014,38,2014-02-07,5.58,08:07,17:14,09:07
2014,39,2014-02-08,5.14,08:05,17:16,09:11
2014,40,2014-02-09,5.53,08:02,17:18,09:15
2014,41,2014-02-10,4.82,08:00,17:20,09:19
2014,42,2014-02-11,4.42,07:58,17:22,09:23
2014,43,2014-02-12,3.44,07:56,17:24,09:28
2014,44,2014-02-13,3.21,07:54,17:26,09:32
2014,45,2014-02-14,3.69,07:52,17:28,09:36
2014,46,2014-02-15,3.86,07:50,17:31,09:40
2014,47,2014-02-16,4.49,07:47,17:33,09:45
2014,48,2014-02-17,5.51,07:45,17:35,09:49
2014,49,2014-02-18,6.52,07:43,17:37,09:53
2014,50,2014-02-19,6.41,07:41,17:39,09:58
2014,51,2014-02-20,7.29,07:38,17:41,10:02
2014,52,2014-02-21,5.91,07:36,17:43,10:07
2014,53,2014-02-22,5.86,07:34,17:45,10:11
2014,54,2014-02-23,7.14,07:31,17:47,10:16
2014,55,2014-02-24,7.21,07:29,17:49,10:20
2014,56,2014-02-25,6.4,07:27,17:52,10:24
2014,57,2014-02-26,5.88,07:24,17:54,10:29
2014,58,2014-02-27,6.11,07:22,17:56,10:33
2014,59,2014-02-28,5.55,07:19,17:58,10:38
2014,60,2014-03-01,5.36,07:17,18:00,10:42
2014,61,2014-03-02,5.21,07:15,18:02,10:47
2014,62,2014-03-03,5.04,07:12,18:04,10:51
2014,63,2014-03-04,5.62,07:10,18:06,10:56
2014,64,2014-03-05,5.92,07:07,18:08,11:00
2014,65,2014-03-06,6.77,07:05,18:10,11:05
2014,66,2014-03-07,7.36,07:02,18:12,11:09
2014,67,2014-03-08,6.57,07:00,18:14,11:14
2014,68,2014-03-09,7.64,06:57,18:16,11:18
2014,69,2014-03-10,7.01,06:55,18:18,11:23
2014,70,2014-03-11,6.52,06:52,18:20,11:27
2014,71,2014-03-12,6.43,06:50,18:22,11:32
2014,72,2014-03-13,6.74,06:47,18:24,11:37
2014,73,2014-03-14,7.78,06:45,18:26,11:41
2014,74,2014-03-15,8.6,06:42,18:28,11:46
2014,75,2014-03-16,9.33,06:39,18:30,11:50
2014,76,2014-03-17,9.38,06:37,18:32,11:55
2014,77,2014-03-18,8.94,06:34,18:34,11:59
2014,78,2014-03-19,8.8,06:32,18:36,12:04
2014,79,2014-03-20,8.79,06:29,18:38,12:08
2014,80,2014-03-21,7.06,06:27,18:40,12:13
2014,81,2014-03-22,5.81,06:24,18:42,12:17
2014,82,2014-03-23,6.07,06:22,18:44,12:22
2014,83,2014-03-24,6.29,06:19,18:46,12:26
2014,84,2014-03-25,7.4,06:16,18:48,12:31
2014,85,2014-03-26,8.3,06:14,18:50,12:35
2014,86,2014-03-27,7.4,06:11,18:52,12:40
2014,87,2014-03-28,6.7,06:09,18:54,12:45
2014,88,2014-03-29,6.4,06:06,18:56,12:49
2014,89,2014-03-30,7.1,07:04,19:58,12:54
2014,90,2014-03-31,8.1,07:01,20:00,12:58
2014,91,2014-04-01,9.7,06:59,20:02,13:03
2014,92,2014-04-02,9.2,06:56,20:04,13:07
2014,93,2014-04-03,9,06:53,20:06,13:12
2014,94,2014-04-04,9.8,06:51,20:07,13:16
2014,95,2014-04-05,10.5,06:48,20:09,13:21
2014,96,2014-04-06,11.4,06:46,20:11,13:25
2014,97,2014-04-07,10.5,06:43,20:13,13:30
2014,98,2014-04-08,8.9,06:41,20:15,13:34
2014,99,2014-04-09,9.4,06:38,20:17,13:38
2014,100,2014-04-10,9.7,06:36,20:19,13:43
2014,101,2014-04-11,8.8,06:33,20:21,13:47
2014,102,2014-04-12,9,06:31,20:23,13:52
2014,103,2014-04-13,9.4,06:28,20:25,13:56
2014,104,2014-04-14,8.4,06:26,20:27,14:01
2014,105,2014-04-15,8.8,06:23,20:29,14:05
2014,106,2014-04-16,9.9,06:21,20:31,14:09
2014,107,2014-04-17,10.1,06:19,20:33,14:14
2014,108,2014-04-18,9.3,06:16,20:35,14:18
2014,109,2014-04-19,11,06:14,20:37,14:23
2014,110,2014-04-20,11.2,06:11,20:39,14:27
2014,111,2014-04-21,11.6,06:09,20:41,14:31
2014,112,2014-04-22,12.7,06:07,20:43,14:36
2014,113,2014-04-23,12.2,06:04,20:45,14:40
2014,114,2014-04-24,13.1,06:02,20:47,14:44
2014,115,2014-04-25,13.2,06:00,20:49,14:48
2014,116,2014-04-26,12.5,05:57,20:51,14:53
2014,117,2014-04-27,13.8,05:55,20:53,14:57
2014,118,2014-04-28,13.3,05:53,20:55,15:01
2014,119,2014-04-29,13.8,05:51,20:56,15:05
2014,120,2014-04-30,14.3,05:49,20:58,15:09
2014,121,2014-05-01,13.97,05:46,21:00,15:14
2014,122,2014-05-02,12.72,05:44,21:02,15:18
2014,123,2014-05-03,12.65,05:42,21:04,15:22
2014,124,2014-05-04,13.19,05:40,21:06,15:26
2014,125,2014-05-05,12.62,05:38,21:08,15:30
2014,126,2014-05-06,12.54,05:36,21:10,15:34
2014,127,2014-05-07,12.12,05:34,21:12,15:38
2014,128,2014-05-08,11.62,05:32,21:14,15:42
2014,129,2014-05-09,11.69,05:30,21:16,15:45
2014,130,2014-05-10,12.26,05:28,21:17,15:49
2014,131,2014-05-11,12.09,05:26,21:19,15:53
2014,132,2014-05-12,12.12,05:24,21:21,15:57
2014,133,2014-05-13,12.51,05:22,21:23,16:00
2014,134,2014-05-14,13.04,05:20,21:25,16:04
2014,135,2014-05-15,13.69,05:18,21:27,16:08
2014,136,2014-05-16,15.35,05:17,21:28,16:11
2014,137,2014-05-17,15.28,05:15,21:30,16:15
2014,138,2014-05-18,13.57,05:13,21:32,16:18
2014,139,2014-05-19,12.46,05:12,21:34,16:21
2014,140,2014-05-20,12.47,05:10,21:35,16:25
2014,141,2014-05-21,13.34,05:09,21:37,16:28
2014,142,2014-05-22,14.19,05:07,21:39,16:31
2014,143,2014-05-23,14.42,05:06,21:40,16:34
2014,144,2014-05-24,14.3,05:04,21:42,16:37
2014,145,2014-05-25,13.88,05:03,21:43,16:40
2014,146,2014-05-26,13.45,05:01,21:45,16:43
2014,147,2014-05-27,13.96,05:00,21:46,16:46
2014,148,2014-05-28,15.44,04:59,21:48,16:48
2014,149,2014-05-29,15.59,04:58,21:49,16:51
2014,150,2014-05-30,15.41,04:57,21:51,16:54
2014,151,2014-05-31,16.11,04:55,21:52,16:56
2014,152,2014-06-01,16.66,04:54,21:53,16:58
2014,153,2014-06-02,16.01,04:53,21:54,17:01
2014,154,2014-06-03,15.82,04:52,21:56,17:03
2014,155,2014-06-04,15.5,04:52,21:57,17:05
2014,156,2014-06-05,13.9,04:51,21:58,17:07
2014,157,2014-06-06,13.84,04:50,21:59,17:09
2014,158,2014-06-07,14.38,04:49,22:00,17:10
2014,159,2014-06-08,13.7,04:49,22:01,17:12
2014,160,2014-06-09,13.78,04:48,22:02,17:13
2014,161,2014-06-10,14.87,04:48,22:03,17:15
2014,162,2014-06-11,14.82,04:47,22:04,17:16
2014,163,2014-06-12,15.46,04:47,22:04,17:17
2014,164,2014-06-13,15.71,04:46,22:05,17:18
2014,165,2014-06-14,15.98,04:46,22:06,17:19
2014,166,2014-06-15,17,04:46,22:06,17:20
2014,167,2014-06-16,17.89,04:46,22:07,17:21
2014,168,2014-06-17,18.58,04:46,22:07,17:21
2014,169,2014-06-18,18.98,04:46,22:08,17:22
2014,170,2014-06-19,18.98,04:46,22:08,17:22
2014,171,2014-06-20,18.45,04:46,22:08,17:22
2014,172,2014-06-21,18.66,04:46,22:09,17:22
2014,173,2014-06-22,18.78,04:46,22:09,17:22
2014,174,2014-06-23,18.35,04:47,22:09,17:22
2014,175,2014-06-24,17.91,04:47,22:09,17:22
2014,176,2014-06-25,16.99,04:47,22:09,17:21
2014,177,2014-06-26,16.33,04:48,22:09,17:21
2014,178,2014-06-27,16.16,04:48,22:09,17:20
2014,179,2014-06-28,16.83,04:49,22:08,17:19
2014,180,2014-06-29,17.47,04:50,22:08,17:18
2014,181,2014-06-30,17.93,04:50,22:08,17:17
2014,182,2014-07-01,18.65,04:51,22:07,17:16
2014,183,2014-07-02,18.62,04:52,22:07,17:15
2014,184,2014-07-03,17.25,04:53,22:06,17:13
2014,185,2014-07-04,16.79,04:54,22:06,17:12
2014,186,2014-07-05,16.23,04:55,22:05,17:10
2014,187,2014-07-06,16.09,04:56,22:04,17:08
2014,188,2014-07-07,15.88,04:57,22:04,17:06
2014,189,2014-07-08,16.22,04:58,22:03,17:05
2014,190,2014-07-09,16.55,04:59,22:02,17:02
2014,191,2014-07-10,17.2,05:00,22:01,17:00
2014,192,2014-07-11,18.11,05:01,22:00,16:58
2014,193,2014-07-12,18.02,05:03,21:59,16:56
2014,194,2014-07-13,16.76,05:04,21:58,16:53
2014,195,2014-07-14,15.85,05:05,21:57,16:51
2014,196,2014-07-15,15.57,05:07,21:55,16:48
2014,197,2014-07-16,15.82,05:08,21:54,16:46
2014,198,2014-07-17,16.98,05:10,21:53,16:43
2014,199,2014-07-18,17.87,05:11,21:52,16:40
2014,200,2014-07-19,18.26,05:13,21:50,16:37
2014,201,2014-07-20,18.18,05:14,21:49,16:34
2014,202,2014-07-21,18.54,05:16,21:47,16:31
2014,203,2014-07-22,19.46,05:17,21:46,16:28
2014,204,2014-07-23,20.78,05:19,21:44,16:25
2014,205,2014-07-24,21.84,05:21,21:42,16:21
2014,206,2014-07-25,22.51,05:22,21:41,16:18
2014,207,2014-07-26,21.51,05:24,21:39,16:15
2014,208,2014-07-27,19.11,05:26,21:37,16:11
2014,209,2014-07-28,17.09,05:27,21:36,16:08
2014,210,2014-07-29,17.04,05:29,21:34,16:04
2014,211,2014-07-30,17.02,05:31,21:32,16:01
2014,212,2014-07-31,16.94,05:33,21:30,15:57
2014,213,2014-08-01,16.77,05:34,21:28,15:53
2014,214,2014-08-02,15.83,05:36,21:26,15:49
2014,215,2014-08-03,14.31,05:38,21:24,15:46
2014,216,2014-08-04,14.64,05:40,21:22,15:42
2014,217,2014-08-05,15.1,05:42,21:20,15:38
2014,218,2014-08-06,15.79,05:44,21:18,15:34
2014,219,2014-08-07,14.8,05:45,21:16,15:30
2014,220,2014-08-08,14.41,05:47,21:14,15:26
2014,221,2014-08-09,14.33,05:49,21:12,15:22
2014,222,2014-08-10,14.2,05:51,21:10,15:18
2014,223,2014-08-11,13.78,05:53,21:07,15:14
2014,224,2014-08-12,13.74,05:55,21:05,15:10
2014,225,2014-08-13,13.79,05:57,21:03,15:06
2014,226,2014-08-14,13.99,05:58,21:01,15:02
2014,227,2014-08-15,13.78,06:00,20:59,14:58
2014,228,2014-08-16,13.59,06:02,20:56,14:54
2014,229,2014-08-17,13.27,06:04,20:54,14:49
2014,230,2014-08-18,12.86,06:06,20:52,14:45
2014,231,2014-08-19,12.58,06:08,20:49,14:41
2014,232,2014-08-20,12.85,06:10,20:47,14:37
2014,233,2014-08-21,13.25,06:12,20:45,14:32
2014,234,2014-08-22,13.34,06:13,20:42,14:28
2014,235,2014-08-23,13.3,06:15,20:40,14:24
2014,236,2014-08-24,12.97,06:17,20:37,14:20
2014,237,2014-08-25,13.25,06:19,20:35,14:15
2014,238,2014-08-26,13.9,06:21,20:33,14:11
2014,239,2014-08-27,14.21,06:23,20:30,14:07
2014,240,2014-08-28,14.62,06:25,20:28,14:02
2014,241,2014-08-29,14.64,06:27,20:25,13:58
2014,242,2014-08-30,13.93,06:29,20:23,13:54
2014,243,2014-08-31,14.76,06:30,20:20,13:49
2014,244,2014-09-01,15.19,06:32,20:18,13:45
2014,245,2014-09-02,14.78,06:34,20:15,13:40
2014,246,2014-09-03,14.76,06:36,20:13,13:36
2014,247,2014-09-04,15.21,06:38,20:10,13:32
2014,248,2014-09-05,15.25,06:40,20:08,13:27
2014,249,2014-09-06,14.22,06:42,20:05,13:23
2014,250,2014-09-07,13.49,06:44,20:02,13:18
2014,251,2014-09-08,13.33,06:45,20:00,13:14
2014,252,2014-09-09,13.58,06:47,19:57,13:10
2014,253,2014-09-10,13.74,06:49,19:55,13:05
2014,254,2014-09-11,14.44,06:51,19:52,13:01
2014,255,2014-09-12,15.07,06:53,19:50,12:56
2014,256,2014-09-13,14.68,06:55,19:47,12:52
2014,257,2014-09-14,14.28,06:57,19:44,12:47
2014,258,2014-09-15,13.9,06:59,19:42,12:43
2014,259,2014-09-16,14.27,07:00,19:39,12:38
2014,260,2014-09-17,14.59,07:02,19:37,12:34
2014,261,2014-09-18,14.67,07:04,19:34,12:29
2014,262,2014-09-19,14.92,07:06,19:32,12:25
2014,263,2014-09-20,14.86,07:08,19:29,12:21
2014,264,2014-09-21,14.33,07:10,19:26,12:16
2014,265,2014-09-22,14.06,07:12,19:24,12:12
2014,266,2014-09-23,14.05,07:14,19:21,12:07
2014,267,2014-09-24,13.46,07:15,19:19,12:03
2014,268,2014-09-25,13.27,07:17,19:16,11:58
2014,269,2014-09-26,13.7,07:19,19:13,11:54
2014,270,2014-09-27,12.97,07:21,19:11,11:49
2014,271,2014-09-28,13.35,07:23,19:08,11:45
2014,272,2014-09-29,13.99,07:25,19:06,11:40
2014,273,2014-09-30,14.74,07:27,19:03,11:36
2014,274,2014-10-01,14.7,07:29,19:01,11:31
2014,275,2014-10-02,13.35,07:31,18:58,11:27
2014,276,2014-10-03,12.83,07:33,18:56,11:23
2014,277,2014-10-04,12.19,07:35,18:53,11:18
2014,278,2014-10-05,11.31,07:36,18:51,11:14
2014,279,2014-10-06,11.01,07:38,18:48,11:09
2014,280,2014-10-07,10.48,07:40,18:45,11:05
2014,281,2014-10-08,9.54,07:42,18:43,11:00
2014,282,2014-10-09,9.77,07:44,18:40,10:56
2014,283,2014-10-10,10.28,07:46,18:38,10:51
2014,284,2014-10-11,9.85,07:48,18:36,10:47
2014,285,2014-10-12,9.48,07:50,18:33,10:43
2014,286,2014-10-13,9.36,07:52,18:31,10:38
2014,287,2014-10-14,9.12,07:54,18:28,10:34
2014,288,2014-10-15,9.5,07:56,18:26,10:29
2014,289,2014-10-16,10.41,07:58,18:23,10:25
2014,290,2014-10-17,11.65,08:00,18:21,10:20
2014,291,2014-10-18,12.69,08:02,18:19,10:16
2014,292,2014-10-19,12.6,08:04,18:16,10:12
2014,293,2014-10-20,11.93,08:06,18:14,10:07
2014,294,2014-10-21,10.79,08:08,18:12,10:03
2014,295,2014-10-22,9.15,08:10,18:09,09:59
2014,296,2014-10-23,10.2,08:12,18:07,09:54
2014,297,2014-10-24,10.53,08:14,18:05,09:50
2014,298,2014-10-25,9.8,08:16,18:02,09:46
2014,299,2014-10-26,9.94,07:18,17:00,09:41
2014,300,2014-10-27,11,07:20,16:58,09:37
2014,301,2014-10-28,11.86,07:22,16:56,09:33
2014,302,2014-10-29,9.66,07:24,16:53,09:29
2014,303,2014-10-30,9.84,07:26,16:51,09:25
2014,304,2014-10-31,11.91,07:28,16:49,09:20
2014,305,2014-11-01,11.71,07:30,16:47,09:16
2014,306,2014-11-02,10.47,07:32,16:45,09:12
2014,307,2014-11-03,9.01,07:35,16:43,09:08
2014,308,2014-11-04,8.45,07:37,16:41,09:04
2014,309,2014-11-05,8.51,07:39,16:39,09:00
2014,310,2014-11-06,8.51,07:41,16:37,08:56
2014,311,2014-11-07,9.91,07:43,16:35,08:52
2014,312,2014-11-08,8.62,07:45,16:33,08:48
2014,313,2014-11-09,8.05,07:47,16:31,08:44
2014,314,2014-11-10,8.29,07:49,16:29,08:40
2014,315,2014-11-11,8.89,07:51,16:28,08:36
2014,316,2014-11-12,9.83,07:53,16:26,08:32
2014,317,2014-11-13,9.3,07:55,16:24,08:29
2014,318,2014-11-14,9.21,07:57,16:22,08:25
2014,319,2014-11-15,9.18,07:59,16:21,08:21
2014,320,2014-11-16,8.67,08:01,16:19,08:18
2014,321,2014-11-17,8.98,08:03,16:18,08:14
2014,322,2014-11-18,9.18,08:05,16:16,08:11
2014,323,2014-11-19,8.96,08:07,16:15,08:07
2014,324,2014-11-20,9.09,08:09,16:13,08:04
2014,325,2014-11-21,8.56,08:11,16:12,08:01
2014,326,2014-11-22,8.49,08:12,16:10,07:57
2014,327,2014-11-23,7.21,08:14,16:09,07:54
2014,328,2014-11-24,6.51,08:16,16:08,07:51
2014,329,2014-11-25,6.55,08:18,16:07,07:48
2014,330,2014-11-26,6.72,08:20,16:06,07:45
2014,331,2014-11-27,5.85,08:21,16:04,07:42
2014,332,2014-11-28,5.76,08:23,16:03,07:40
2014,333,2014-11-29,7.57,08:25,16:02,07:37
2014,334,2014-11-30,8.31,08:27,16:01,07:34
2014,335,2014-12-01,7.76,08:28,16:01,07:32
2014,336,2014-12-02,6.94,08:30,16:00,07:30
2014,337,2014-12-03,6.32,08:31,15:59,07:27
2014,338,2014-12-04,6.66,08:33,15:58,07:25
2014,339,2014-12-05,6.27,08:34,15:58,07:23
2014,340,2014-12-06,6.04,08:36,15:57,07:21
2014,341,2014-12-07,6.83,08:37,15:57,07:19
2014,342,2014-12-08,5.46,08:38,15:56,07:17
2014,343,2014-12-09,5.65,08:40,15:56,07:16
2014,344,2014-12-10,5.8,08:41,15:56,07:14
2014,345,2014-12-11,4.53,08:42,15:55,07:13
2014,346,2014-12-12,4.57,08:43,15:55,07:12
2014,347,2014-12-13,4.6,08:44,15:55,07:10
2014,348,2014-12-14,5.55,08:45,15:55,07:09
2014,349,2014-12-15,5.47,08:46,15:55,07:08
2014,350,2014-12-16,5.6,08:47,15:55,07:08
2014,351,2014-12-17,6.94,08:48,15:55,07:07
2014,352,2014-12-18,8.2,08:49,15:56,07:07
2014,353,2014-12-19,6.76,08:49,15:56,07:06
2014,354,2014-12-20,6.12,08:50,15:56,07:06
2014,355,2014-12-21,7.21,08:50,15:57,07:06
2014,356,2014-12-22,8.55,08:51,15:57,07:06
2014,357,2014-12-23,7.84,08:51,15:58,07:06
2014,358,2014-12-24,6.52,08:52,15:58,07:06
2014,359,2014-12-25,5.95,08:52,15:59,07:07
2014,360,2014-12-26,5.69,08:52,16:00,07:07
2014,361,2014-12-27,5.18,08:53,16:01,07:08
2014,362,2014-12-28,4.35,08:53,16:02,07:09
2014,363,2014-12-29,3.87,08:53,16:03,07:10
2014,364,2014-12-30,4.39,08:53,16:04,07:11
2014,365,2014-12-31,5.8,08:53,16:05,07:12
2017,1,2017-01-01,6.77,08:52,16:07,07:14
2017,2,2017-01-02,4.79,08:52,16:08,07:15
2017,3,2017-01-03,5.14,08:52,16:09,07:17
2017,4,2017-01-04,6.31,08:51,16:10,07:19
2017,5,2017-01-05,5.19,08:51,16:12,07:20
2017,6,2017-01-06,5.77,08:50,16:13,07:22
2017,7,2017-01-07,7.59,08:50,16:15,07:24
2017,8,2017-01-08,7.95,08:49,16:16,07:27
2017,9,2017-01-09,7.85,08:48,16:18,07:29
2017,10,2017-01-10,6.81,08:48,16:19,07:31
2017,11,2017-01-11,6.79,08:47,16:21,07:34
2017,12,2017-01-12,4.78,08:46,16:23,07:36
2017,13,2017-01-13,3.42,08:45,16:24,07:39
2017,14,2017-01-14,3.99,08:44,16:26,07:42
2017,15,2017-01-15,5.42,08:43,16:28,07:45
2017,16,2017-01-16,7.08,08:42,16:30,07:47
2017,17,2017-01-17,7.8,08:41,16:31,07:50
2017,18,2017-01-18,7.91,08:39,16:33,07:54
2017,19,2017-01-19,7.55,08:38,16:35,07:57
2017,20,2017-01-20,6.6,08:37,16:37,08:00
2017,21,2017-01-21,5.76,08:35,16:39,08:03
2017,22,2017-01-22,4.56,08:34,16:41,08:07
2017,23,2017-01-23,3.93,08:33,16:43,08:10
2017,24,2017-01-24,4.89,08:31,16:45,08:14
2017,25,2017-01-25,7.12,08:29,16:47,08:17
2017,26,2017-01-26,6.02,08:28,16:49,08:21
2017,27,2017-01-27,4.91,08:26,16:51,08:24
2017,28,2017-01-28,5.27,08:25,16:53,08:28
2017,29,2017-01-29,4.77,08:23,16:55,08:32
2017,30,2017-01-30,4.89,08:21,16:57,08:36
2017,31,2017-01-31,6.71,08:19,16:59,08:40
2017,32,2017-02-01,6.93,08:18,17:02,08:43
2017,33,2017-02-02,7.51,08:16,17:04,08:47
2017,34,2017-02-03,7.79,08:14,17:06,08:51
2017,35,2017-02-04,6.27,08:12,17:08,08:55
2017,36,2017-02-05,5.01,08:10,17:10,08:59
2017,37,2017-02-06,4.35,08:08,17:12,09:04
2017,38,2017-02-07,4.94,08:06,17:14,09:08
2017,39,2017-02-08,4.57,08:04,17:16,09:12
2017,40,2017-02-09,4.08,08:02,17:18,09:16
2017,41,2017-02-10,4.14,08:00,17:21,09:20
2017,42,2017-02-11,3.98,07:58,17:23,09:24
2017,43,2017-02-12,3.71,07:56,17:25,09:29
2017,44,2017-02-13,4.38,07:53,17:27,09:33
2017,45,2017-02-14,4.85,07:51,17:29,09:37
2017,46,2017-02-15,5.74,07:49,17:31,09:42
2017,47,2017-02-16,6.92,07:47,17:33,09:46
2017,48,2017-02-17,7.75,07:45,17:35,09:50
2017,49,2017-02-18,8.63,07:42,17:37,09:55
2017,50,2017-02-19,8.83,07:40,17:40,09:59
2017,51,2017-02-20,9.29,07:38,17:42,10:03
2017,52,2017-02-21,7.74,07:35,17:44,10:08
2017,53,2017-02-22,7.93,07:33,17:46,10:12
2017,54,2017-02-23,7.07,07:31,17:48,10:17
2017,55,2017-02-24,5.52,07:28,17:50,10:21
2017,56,2017-02-25,6.58,07:26,17:52,10:26
2017,57,2017-02-26,6.79,07:24,17:54,10:30
2017,58,2017-02-27,5.56,07:21,17:56,10:35
2017,59,2017-02-28,5.13,07:19,17:58,10:39
2017,60,2017-03-01,5.1,07:16,18:00,10:44
2017,61,2017-03-02,5.66,07:14,18:02,10:48
2017,62,2017-03-03,5.66,07:11,18:04,10:53
2017,63,2017-03-04,5.59,07:09,18:07,10:57
2017,64,2017-03-05,6.11,07:07,18:09,11:02
2017,65,2017-03-06,6.19,07:04,18:11,11:06
2017,66,2017-03-07,5.74,07:02,18:13,11:11
2017,67,2017-03-08,6.42,06:59,18:15,11:15
2017,68,2017-03-09,7.29,06:57,18:17,11:20
2017,69,2017-03-10,8.02,06:54,18:19,11:24
2017,70,2017-03-11,9.22,06:51,18:21,11:29
2017,71,2017-03-12,9.37,06:49,18:23,11:33
2017,72,2017-03-13,8.84,06:46,18:25,11:38
2017,73,2017-03-14,9.43,06:44,18:27,11:42
2017,74,2017-03-15,8.92,06:41,18:29,11:47
2017,75,2017-03-16,9,06:39,18:31,11:51
2017,76,2017-03-17,8.17,06:36,18:33,11:56
2017,77,2017-03-18,8.73,06:34,18:35,12:00
2017,78,2017-03-19,9.21,06:31,18:37,12:05
2017,79,2017-03-20,8.63,06:29,18:39,12:09
2017,80,2017-03-21,6.72,06:26,18:41,12:14
2017,81,2017-03-22,5.77,06:23,18:42,12:19
2017,82,2017-03-23,6.16,06:21,18:44,12:23
2017,83,2017-03-24,6.75,06:18,18:46,12:28
2017,84,2017-03-25,7.34,06:16,18:48,12:32
2017,85,2017-03-26,7.67,07:13,19:50,12:37
2017,86,2017-03-27,8.63,07:11,19:52,12:41
2017,87,2017-03-28,9.29,07:08,19:54,12:46
2017,88,2017-03-29,9.34,07:06,19:56,12:50
2017,89,2017-03-30,10.43,07:03,19:58,12:55
2017,90,2017-03-31,11.11,07:00,20:00,12:59
2017,91,2017-04-01,10.14,06:58,20:02,13:04
2017,92,2017-04-02,9.54,06:55,20:04,13:08
2017,93,2017-04-03,9.58,06:53,20:06,13:13
2017,94,2017-04-04,9.72,06:50,20:08,13:17
2017,95,2017-04-05,9.94,06:48,20:10,13:22
2017,96,2017-04-06,10.44,06:45,20:12,13:26
2017,97,2017-04-07,10.19,06:43,20:14,13:31
2017,98,2017-04-08,10.33,06:40,20:16,13:35
2017,99,2017-04-09,10.81,06:38,20:18,13:40
2017,100,2017-04-10,10.29,06:35,20:20,13:44
2017,101,2017-04-11,10.18,06:33,20:22,13:49
2017,102,2017-04-12,10.46,06:30,20:24,13:53
2017,103,2017-04-13,10.28,06:28,20:26,13:57
2017,104,2017-04-14,9.88,06:25,20:28,14:02
2017,105,2017-04-15,9.38,06:23,20:30,14:06
2017,106,2017-04-16,9.52,06:20,20:32,14:11
2017,107,2017-04-17,10.02,06:18,20:34,14:15
2017,108,2017-04-18,9.93,06:16,20:35,14:19
2017,109,2017-04-19,9.99,06:13,20:37,14:24
2017,110,2017-04-20,10.8,06:11,20:39,14:28
2017,111,2017-04-21,11.24,06:08,20:41,14:32
2017,112,2017-04-22,11.35,06:06,20:43,14:37
2017,113,2017-04-23,10.61,06:04,20:45,14:41
2017,114,2017-04-24,10.27,06:01,20:47,14:45
2017,115,2017-04-25,9.02,05:59,20:49,14:50
2017,116,2017-04-26,8.69,05:57,20:51,14:54
2017,117,2017-04-27,9.65,05:55,20:53,14:58
2017,118,2017-04-28,10.1,05:52,20:55,15:02
2017,119,2017-04-29,10.29,05:50,20:57,15:06
2017,120,2017-04-30,11.09,05:48,20:59,15:11
2017,121,2017-05-01,12.46,05:46,21:01,15:15
2017,122,2017-05-02,13.78,05:44,21:03,15:19
2017,123,2017-05-03,14.53,05:41,21:05,15:23
2017,124,2017-05-04,14.6,05:39,21:07,15:27
2017,125,2017-05-05,14.27,05:37,21:09,15:31
2017,126,2017-05-06,13.83,05:35,21:10,15:35
2017,127,2017-05-07,14.19,05:33,21:12,15:39
2017,128,2017-05-08,14.57,05:31,21:14,15:43
2017,129,2017-05-09,14.84,05:29,21:16,15:46
2017,130,2017-05-10,14.45,05:27,21:18,15:50
2017,131,2017-05-11,15.12,05:25,21:20,15:54
2017,132,2017-05-12,15.25,05:23,21:22,15:58
2017,133,2017-05-13,14.91,05:22,21:23,16:01
2017,134,2017-05-14,14.16,05:20,21:25,16:05
2017,135,2017-05-15,14.18,05:18,21:27,16:09
2017,136,2017-05-16,14.86,05:16,21:29,16:12
2017,137,2017-05-17,14.83,05:15,21:31,16:16
2017,138,2017-05-18,14.14,05:13,21:32,16:19
2017,139,2017-05-19,14,05:11,21:34,16:22
2017,140,2017-05-20,14.02,05:10,21:36,16:26
2017,141,2017-05-21,14.49,05:08,21:37,16:29
2017,142,2017-05-22,13.95,05:07,21:39,16:32
2017,143,2017-05-23,13.89,05:05,21:41,16:35
2017,144,2017-05-24,15.17,05:04,21:42,16:38
2017,145,2017-05-25,16.79,05:02,21:44,16:41
2017,146,2017-05-26,18.89,05:01,21:45,16:44
2017,147,2017-05-27,18.59,05:00,21:47,16:46
2017,148,2017-05-28,16.97,04:59,21:48,16:49
2017,149,2017-05-29,15.93,04:57,21:50,16:52
2017,150,2017-05-30,15.22,04:56,21:51,16:54
2017,151,2017-05-31,15.14,04:55,21:52,16:57
2017,152,2017-06-01,15.19,04:54,21:54,16:59
2017,153,2017-06-02,14.84,04:53,21:55,17:01
2017,154,2017-06-03,14.86,04:52,21:56,17:03
2017,155,2017-06-04,14.11,04:51,21:57,17:05
2017,156,2017-06-05,12.56,04:51,21:58,17:07
2017,157,2017-06-06,12.47,04:50,21:59,17:09
2017,158,2017-06-07,13,04:49,22:00,17:11
2017,159,2017-06-08,13.9,04:49,22:01,17:12
2017,160,2017-06-09,13.39,04:48,22:02,17:14
2017,161,2017-06-10,14.62,04:48,22:03,17:15
2017,162,2017-06-11,15.23,04:47,22:04,17:16
2017,163,2017-06-12,14.58,04:47,22:05,17:17
2017,164,2017-06-13,14.58,04:46,22:05,17:18
2017,165,2017-06-14,14.71,04:46,22:06,17:19
2017,166,2017-06-15,15.52,04:46,22:07,17:20
2017,167,2017-06-16,15.29,04:46,22:07,17:21
2017,168,2017-06-17,16.57,04:46,22:08,17:21
2017,169,2017-06-18,17.82,04:46,22:08,17:22
2017,170,2017-06-19,18.35,04:46,22:08,17:22
2017,171,2017-06-20,17.99,04:46,22:09,17:22
2017,172,2017-06-21,18.22,04:46,22:09,17:22
2017,173,2017-06-22,17.37,04:46,22:09,17:22
2017,174,2017-06-23,16.45,04:47,22:09,17:22
2017,175,2017-06-24,16.08,04:47,22:09,17:21
2017,176,2017-06-25,15.38,04:47,22:09,17:21
2017,177,2017-06-26,15.15,04:48,22:09,17:20
2017,178,2017-06-27,15.12,04:49,22:09,17:20
2017,179,2017-06-28,15.37,04:49,22:08,17:19
2017,180,2017-06-29,15.09,04:50,22:08,17:18
2017,181,2017-06-30,13.67,04:51,22:08,17:17
2017,182,2017-07-01,13.18,04:51,22:07,17:16
2017,183,2017-07-02,13.86,04:52,22:07,17:14
2017,184,2017-07-03,14.83,04:53,22:06,17:13
2017,185,2017-07-04,14.91,04:54,22:06,17:11
2017,186,2017-07-05,13.75,04:55,22:05,17:10
2017,187,2017-07-06,15.16,04:56,22:04,17:08
2017,188,2017-07-07,15.61,04:57,22:03,17:06
2017,189,2017-07-08,15.94,04:58,22:03,17:04
2017,190,2017-07-09,16.15,04:59,22:02,17:02
2017,191,2017-07-10,14.89,05:01,22:01,17:00
2017,192,2017-07-11,15.04,05:02,22:00,16:57
2017,193,2017-07-12,16.4,05:03,21:59,16:55
2017,194,2017-07-13,17.13,05:04,21:58,16:53
2017,195,2017-07-14,16.56,05:06,21:56,16:50
2017,196,2017-07-15,16.08,05:07,21:55,16:47
2017,197,2017-07-16,16.28,05:09,21:54,16:45
2017,198,2017-07-17,17.37,05:10,21:53,16:42
2017,199,2017-07-18,18.35,05:12,21:51,16:39
2017,200,2017-07-19,18.53,05:13,21:50,16:36
2017,201,2017-07-20,16.17,05:15,21:48,16:33
2017,202,2017-07-21,15.12,05:16,21:47,16:30
2017,203,2017-07-22,14.54,05:18,21:45,16:27
2017,204,2017-07-23,15.74,05:19,21:44,16:24
2017,205,2017-07-24,17.26,05:21,21:42,16:20
2017,206,2017-07-25,17.77,05:23,21:40,16:17
2017,207,2017-07-26,17.02,05:24,21:39,16:14
2017,208,2017-07-27,15.09,05:26,21:37,16:10
2017,209,2017-07-28,14.45,05:28,21:35,16:07
2017,210,2017-07-29,14.71,05:30,21:33,16:03
2017,211,2017-07-30,14.77,05:31,21:31,16:00
2017,212,2017-07-31,14.37,05:33,21:30,15:56
2017,213,2017-08-01,14.38,05:35,21:28,15:52
2017,214,2017-08-02,14.14,05:37,21:26,15:48
2017,215,2017-08-03,14.67,05:39,21:24,15:45
2017,216,2017-08-04,14.85,05:40,21:22,15:41
2017,217,2017-08-05,14.24,05:42,21:20,15:37
2017,218,2017-08-06,13.97,05:44,21:18,15:33
2017,219,2017-08-07,13.9,05:46,21:15,15:29
2017,220,2017-08-08,14.4,05:48,21:13,15:25
2017,221,2017-08-09,15.35,05:50,21:11,15:21
2017,222,2017-08-10,15.55,05:51,21:09,15:17
2017,223,2017-08-11,15.65,05:53,21:07,15:13
2017,224,2017-08-12,15.95,05:55,21:05,15:09
2017,225,2017-08-13,15.12,05:57,21:02,15:05
2017,226,2017-08-14,15.09,05:59,21:00,15:01
2017,227,2017-08-15,15.51,06:01,20:58,14:57
2017,228,2017-08-16,15.42,06:03,20:56,14:52
2017,229,2017-08-17,14.89,06:05,20:53,14:48
2017,230,2017-08-18,14.92,06:06,20:51,14:44
2017,231,2017-08-19,13.99,06:08,20:49,14:40
2017,232,2017-08-20,13.08,06:10,20:46,14:36
2017,233,2017-08-21,14.09,06:12,20:44,14:31
2017,234,2017-08-22,15.16,06:14,20:42,14:27
2017,235,2017-08-23,16.25,06:16,20:39,14:23
2017,236,2017-08-24,15.67,06:18,20:37,14:18
2017,237,2017-08-25,14.89,06:20,20:34,14:14
2017,238,2017-08-26,14.76,06:22,20:32,14:10
2017,239,2017-08-27,14.6,06:23,20:29,14:05
2017,240,2017-08-28,14.89,06:25,20:27,14:01
2017,241,2017-08-29,14.08,06:27,20:24,13:57
2017,242,2017-08-30,13.26,06:29,20:22,13:52
2017,243,2017-08-31,13.01,06:31,20:19,13:48
2017,244,2017-09-01,13.09,06:33,20:17,13:44
2017,245,2017-09-02,13.16,06:35,20:14,13:39
2017,246,2017-09-03,13.85,06:37,20:12,13:35
2017,247,2017-09-04,14.5,06:38,20:09,13:30
2017,248,2017-09-05,14.5,06:40,20:07,13:26
2017,249,2017-09-06,14.12,06:42,20:04,13:22
2017,250,2017-09-07,13.42,06:44,20:02,13:17
2017,251,2017-09-08,12.81,06:46,19:59,13:13
2017,252,2017-09-09,12.81,06:48,19:57,13:08
2017,253,2017-09-10,13.21,06:50,19:54,13:04
2017,254,2017-09-11,12.58,06:52,19:51,12:59
2017,255,2017-09-12,12.34,06:53,19:49,12:55
2017,256,2017-09-13,11.79,06:55,19:46,12:51
2017,257,2017-09-14,11.94,06:57,19:44,12:46
2017,258,2017-09-15,12.04,06:59,19:41,12:42
2017,259,2017-09-16,11.59,07:01,19:39,12:37
2017,260,2017-09-17,10.71,07:03,19:36,12:33
2017,261,2017-09-18,11.03,07:05,19:33,12:28
2017,262,2017-09-19,11.18,07:07,19:31,12:24
2017,263,2017-09-20,12.19,07:08,19:28,12:19
2017,264,2017-09-21,12.12,07:10,19:26,12:15
2017,265,2017-09-22,11.68,07:12,19:23,12:10
2017,266,2017-09-23,11.88,07:14,19:21,12:06
2017,267,2017-09-24,12.75,07:16,19:18,12:01
2017,268,2017-09-25,12.57,07:18,19:15,11:57
2017,269,2017-09-26,12.29,07:20,19:13,11:53
2017,270,2017-09-27,12.48,07:22,19:10,11:48
2017,271,2017-09-28,12.39,07:24,19:08,11:44
2017,272,2017-09-29,12.06,07:25,19:05,11:39
2017,273,2017-09-30,11.27,07:27,19:03,11:35
2017,274,2017-10-01,10.94,07:29,19:00,11:30
2017,275,2017-10-02,11.38,07:31,18:57,11:26
2017,276,2017-10-03,10.88,07:33,18:55,11:21
2017,277,2017-10-04,10.67,07:35,18:52,11:17
2017,278,2017-10-05,11.05,07:37,18:50,11:12
2017,279,2017-10-06,10.69,07:39,18:47,11:08
2017,280,2017-10-07,11.03,07:41,18:45,11:03
2017,281,2017-10-08,11.65,07:43,18:42,10:59
2017,282,2017-10-09,11.81,07:45,18:40,10:55
2017,283,2017-10-10,11.67,07:47,18:37,10:50
2017,284,2017-10-11,11.6,07:49,18:35,10:46
2017,285,2017-10-12,10.91,07:51,18:32,10:41
2017,286,2017-10-13,11.95,07:53,18:30,10:37
2017,287,2017-10-14,12.42,07:55,18:28,10:32
2017,288,2017-10-15,12.45,07:57,18:25,10:28
2017,289,2017-10-16,12.24,07:59,18:23,10:24
2017,290,2017-10-17,11.83,08:01,18:20,10:19
2017,291,2017-10-18,11,08:03,18:18,10:15
2017,292,2017-10-19,11.09,08:05,18:16,10:11
2017,293,2017-10-20,11.45,08:07,18:13,10:06
2017,294,2017-10-21,10.98,08:09,18:11,10:02
2017,295,2017-10-22,10.4,08:11,18:09,09:57
2017,296,2017-10-23,10.42,08:13,18:06,09:53
2017,297,2017-10-24,10.86,08:15,18:04,09:49
2017,298,2017-10-25,10.53,08:17,18:02,09:45
2017,299,2017-10-26,10.39,08:19,17:59,09:40
2017,300,2017-10-27,10.22,08:21,17:57,09:36
2017,301,2017-10-28,10.21,08:23,17:55,09:32
2017,302,2017-10-29,10.93,07:25,16:53,09:28
2017,303,2017-10-30,9.65,07:27,16:51,09:23
2017,304,2017-10-31,9.54,07:29,16:49,09:19
2017,305,2017-11-01,10.71,07:31,16:47,09:15
2017,306,2017-11-02,10.56,07:33,16:44,09:11
2017,307,2017-11-03,9.84,07:35,16:42,09:07
2017,308,2017-11-04,9.02,07:37,16:40,09:03
2017,309,2017-11-05,7.86,07:39,16:38,08:59
2017,310,2017-11-06,7.47,07:41,16:36,08:55
2017,311,2017-11-07,8.39,07:43,16:35,08:51
2017,312,2017-11-08,7.02,07:45,16:33,08:47
2017,313,2017-11-09,8.18,07:47,16:31,08:43
2017,314,2017-11-10,8.31,07:49,16:29,08:39
2017,315,2017-11-11,7.97,07:51,16:27,08:35
2017,316,2017-11-12,7.29,07:53,16:25,08:31
2017,317,2017-11-13,6.57,07:55,16:24,08:28
2017,318,2017-11-14,7.94,07:57,16:22,08:24
2017,319,2017-11-15,8.5,07:59,16:20,08:20
2017,320,2017-11-16,8.14,08:01,16:19,08:17
2017,321,2017-11-17,7.09,08:03,16:17,08:13
2017,322,2017-11-18,6.89,08:05,16:16,08:10
2017,323,2017-11-19,6.96,08:07,16:14,08:06
2017,324,2017-11-20,7.88,08:09,16:13,08:03
2017,325,2017-11-21,9.29,08:11,16:11,08:00
2017,326,2017-11-22,8.96,08:13,16:10,07:57
2017,327,2017-11-23,6.93,08:15,16:09,07:53
2017,328,2017-11-24,5.59,08:17,16:08,07:50
2017,329,2017-11-25,5.04,08:18,16:06,07:47
2017,330,2017-11-26,4.87,08:20,16:05,07:45
2017,331,2017-11-27,5.88,08:22,16:04,07:42
2017,332,2017-11-28,5.79,08:24,16:03,07:39
2017,333,2017-11-29,5.68,08:25,16:02,07:36
2017,334,2017-11-30,5.56,08:27,16:01,07:34
2017,335,2017-12-01,,08:29,16:00,07:31
2017,336,2017-12-02,,08:30,16:00,07:29
2017,337,2017-12-03,,08:32,15:59,07:27
2017,338,2017-12-04,,08:33,15:58,07:25
2017,339,2017-12-05,,08:35,15:58,07:22
2017,340,2017-12-06,,08:36,15:57,07:21
2017,341,2017-12-07,,08:37,15:57,07:19
2017,342,2017-12-08,,08:39,15:56,07:17
2017,343,2017-12-09,,08:40,15:56,07:15
2017,344,2017-12-10,,08:41,15:56,07:14
2017,345,2017-12-11,,08:42,15:55,07:13
2017,346,2017-12-12,,08:43,15:55,07:11
2017,347,2017-12-13,,08:44,15:55,07:10
2017,348,2017-12-14,,08:45,15:55,07:09
2017,349,2017-12-15,,08:46,15:55,07:08
2017,350,2017-12-16,,08:47,15:55,07:08
2017,351,2017-12-17,,08:48,15:55,07:07
2017,352,2017-12-18,,08:49,15:56,07:06
2017,353,2017-12-19,,08:49,15:56,07:06
2017,354,2017-12-20,,08:50,15:56,07:06
2017,355,2017-12-21,,08:51,15:57,07:06
2017,356,2017-12-22,,08:51,15:57,07:06
2017,357,2017-12-23,,08:52,15:58,07:06
2017,358,2017-12-24,,08:52,15:59,07:06
2017,359,2017-12-25,,08:52,15:59,07:07
2017,360,2017-12-26,,08:52,16:00,07:07
2017,361,2017-12-27,,08:53,16:01,07:08
2017,362,2017-12-28,,08:53,16:02,07:09
2017,363,2017-12-29,,08:53,16:03,07:10
2017,364,2017-12-30,,08:53,16:04,07:11
2017,365,2017-12-31,,08:52,16:05,07:12
2018,1,2018-01-01,,08:52,16:06,07:13
2018,2,2018-01-02,,08:52,16:07,07:15
2018,3,2018-01-03,,08:52,16:09,07:16
2018,4,2018-01-04,,08:51,16:10,07:18
2018,5,2018-01-05,,08:51,16:11,07:20
2018,6,2018-01-06,,08:50,16:13,07:22
2018,7,2018-01-07,,08:50,16:14,07:24
2018,8,2018-01-08,,08:49,16:16,07:26
2018,9,2018-01-09,,08:48,16:17,07:28
2018,10,2018-01-10,,08:48,16:19,07:31
2018,11,2018-01-11,,08:47,16:20,07:33
2018,12,2018-01-12,,08:46,16:22,07:36
2018,13,2018-01-13,,08:45,16:24,07:38
2018,14,2018-01-14,,08:44,16:26,07:41
2018,15,2018-01-15,,08:43,16:27,07:44
2018,16,2018-01-16,,08:42,16:29,07:47
2018,17,2018-01-17,,08:41,16:31,07:50
2018,18,2018-01-18,,08:40,16:33,07:53
2018,19,2018-01-19,,08:38,16:35,07:56
2018,20,2018-01-20,,08:37,16:37,07:59
2018,21,2018-01-21,,08:36,16:39,08:02
2018,22,2018-01-22,,08:34,16:41,08:06
2018,23,2018-01-23,,08:33,16:43,08:09
2018,24,2018-01-24,,08:31,16:45,08:13
2018,25,2018-01-25,,08:30,16:47,08:16
2018,26,2018-01-26,,08:28,16:49,08:20
2018,27,2018-01-27,,08:27,16:51,08:23
2018,28,2018-01-28,,08:25,16:53,08:27
2018,29,2018-01-29,,08:23,16:55,08:31
2018,30,2018-01-30,,08:22,16:57,08:35
2018,31,2018-01-31,,08:20,16:59,08:39
2018,32,2018-02-01,,08:18,17:01,08:43
2018,33,2018-02-02,3.32,08:16,17:03,08:46
2018,34,2018-02-03,5.45,08:14,17:05,08:50
2018,35,2018-02-04,4.94,08:12,17:07,08:54
2018,36,2018-02-05,4.43,08:10,17:09,08:58
2018,37,2018-02-06,3.84,08:08,17:12,09:03
2018,38,2018-02-07,3.42,08:06,17:14,09:07
2018,39,2018-02-08,4.34,08:04,17:16,09:11
2018,40,2018-02-09,4.08,08:02,17:18,09:15
2018,41,2018-02-10,4.14,08:00,17:20,09:19
2018,42,2018-02-11,3.32,07:58,17:22,09:23
2018,43,2018-02-12,2.74,07:56,17:24,09:28
2018,44,2018-02-13,2.96,07:54,17:26,09:32
2018,45,2018-02-14,3.51,07:52,17:29,09:36
2018,46,2018-02-15,3.74,07:50,17:31,09:41
2018,47,2018-02-16,3.74,07:47,17:33,09:45
2018,48,2018-02-17,4.7,07:45,17:35,09:49
2018,49,2018-02-18,5.11,07:43,17:37,09:54
2018,50,2018-02-19,6.51,07:41,17:39,09:58
2018,51,2018-02-20,6.46,07:38,17:41,10:02
2018,52,2018-02-21,5.33,07:36,17:43,10:07
2018,53,2018-02-22,5.19,07:34,17:45,10:11
2018,54,2018-02-23,5.29,07:31,17:47,10:16
2018,55,2018-02-24,4.45,07:29,17:50,10:20
2018,56,2018-02-25,3.75,07:27,17:52,10:25
2018,57,2018-02-26,3.49,07:24,17:54,10:29
2018,58,2018-02-27,3.09,07:22,17:56,10:33
2018,59,2018-02-28,2.18,07:19,17:58,10:38
2018,60,2018-03-01,0.71,07:17,18:00,10:42
2018,61,2018-03-02,0.89,07:14,18:02,10:47
2018,62,2018-03-03,1.75,07:12,18:04,10:51
2018,63,2018-03-04,2.45,07:10,18:06,10:56
2018,64,2018-03-05,3.72,07:07,18:08,11:00
2018,65,2018-03-06,4.75,07:05,18:10,11:05
2018,66,2018-03-07,4.81,07:02,18:12,11:09
2018,67,2018-03-08,4.74,07:00,18:14,11:14
2018,68,2018-03-09,4.48,06:57,18:16,11:19
2018,69,2018-03-10,5.02,06:55,18:18,11:23
2018,70,2018-03-11,5.79,06:52,18:20,11:28
2018,71,2018-03-12,6.02,06:50,18:22,11:32
2018,72,2018-03-13,6.44,06:47,18:24,11:37
2018,73,2018-03-14,6.61,06:44,18:26,11:41
2018,74,2018-03-15,7.07,06:42,18:28,11:46
2018,75,2018-03-16,6.76,06:39,18:30,11:50
2018,76,2018-03-17,5.71,06:37,18:32,11:55
2018,77,2018-03-18,3.65,06:34,18:34,11:59
2018,78,2018-03-19,3.22,06:32,18:36,12:04
2018,79,2018-03-20,4.09,06:29,18:38,12:08
2018,80,2018-03-21,4.63,06:27,18:40,12:13
2018,81,2018-03-22,5.65,06:24,18:42,12:17
2018,82,2018-03-23,7.07,06:21,18:44,12:22
2018,83,2018-03-24,7.01,06:19,18:46,12:27
2018,84,2018-03-25,6.71,07:16,19:48,12:31
2018,85,2018-03-26,6.63,07:14,19:50,12:36
2018,86,2018-03-27,7.64,07:11,19:52,12:40
2018,87,2018-03-28,7.59,07:09,19:54,12:45
2018,88,2018-03-29,6.79,07:06,19:56,12:49
2018,89,2018-03-30,6.34,07:04,19:58,12:54
2018,90,2018-03-31,6.59,07:01,20:00,12:58
2018,91,2018-04-01,6.42,06:58,20:02,13:03
2018,92,2018-04-02,6.08,06:56,20:04,13:07
2018,93,2018-04-03,5.19,06:53,20:06,13:12
2018,94,2018-04-04,5.06,06:51,20:08,13:16
2018,95,2018-04-05,5.33,06:48,20:09,13:21
2018,96,2018-04-06,6.6,06:46,20:11,13:25
2018,97,2018-04-07,7.29,06:43,20:13,13:30
2018,98,2018-04-08,8.22,06:41,20:15,13:34
2018,99,2018-04-09,8.83,06:38,20:17,13:39
2018,100,2018-04-10,8.67,06:36,20:19,13:43
2018,101,2018-04-11,8.67,06:33,20:21,13:47
2018,102,2018-04-12,9.49,06:31,20:23,13:52
2018,103,2018-04-13,8.95,06:28,20:25,13:56
2018,104,2018-04-14,8.99,06:26,20:27,14:01
2018,105,2018-04-15,10.01,06:23,20:29,14:05
2018,106,2018-04-16,10.53,06:21,20:31,14:10
2018,107,2018-04-17,11.04,06:19,20:33,14:14
2018,108,2018-04-18,12.02,06:16,20:35,14:18
2018,109,2018-04-19,12.74,06:14,20:37,14:23
2018,110,2018-04-20,13.03,06:11,20:39,14:27
2018,111,2018-04-21,12.75,06:09,20:41,14:31
2018,112,2018-04-22,12.68,06:07,20:43,14:36
2018,113,2018-04-23,11.63,06:04,20:45,14:40
2018,114,2018-04-24,10.75,06:02,20:47,14:44
2018,115,2018-04-25,10.29,06:00,20:49,14:49
2018,116,2018-04-26,10.4,05:57,20:51,14:53
2018,117,2018-04-27,10.28,05:55,20:53,14:57
2018,118,2018-04-28,10.18,05:53,20:55,15:01
2018,119,2018-04-29,10.66,05:51,20:57,15:05
2018,120,2018-04-30,11.59,05:48,20:58,15:10
2018,121,2018-05-01,11.13,05:46,21:00,15:14
2018,122,2018-05-02,10.09,05:44,21:02,15:18
2018,123,2018-05-03,10.24,05:42,21:04,15:22
2018,124,2018-05-04,11.11,05:40,21:06,15:26
2018,125,2018-05-05,13.23,05:38,21:08,15:30
2018,126,2018-05-06,14.86,05:36,21:10,15:34
2018,127,2018-05-07,15.56,05:34,21:12,15:38
2018,128,2018-05-08,15.42,05:32,21:14,15:42
2018,129,2018-05-09,13.41,05:30,21:16,15:46
2018,130,2018-05-10,11.93,05:28,21:18,15:49
2018,131,2018-05-11,11.28,05:26,21:19,15:53
2018,132,2018-05-12,11.22,05:24,21:21,15:57
2018,133,2018-05-13,12.49,05:22,21:23,16:01
2018,134,2018-05-14,13.11,05:20,21:25,16:04
2018,135,2018-05-15,13.29,05:18,21:27,16:08
2018,136,2018-05-16,13.13,05:17,21:28,16:11
2018,137,2018-05-17,13.54,05:15,21:30,16:15
2018,138,2018-05-18,13.94,05:13,21:32,16:18
2018,139,2018-05-19,14.83,05:12,21:34,16:21
2018,140,2018-05-20,15.04,05:10,21:35,16:25
2018,141,2018-05-21,13.71,05:08,21:37,16:28
2018,142,2018-05-22,11.75,05:07,21:39,16:31
2018,143,2018-05-23,13.04,05:05,21:40,16:34
2018,144,2018-05-24,15.45,05:04,21:42,16:37
2018,145,2018-05-25,16.98,05:03,21:43,16:40
2018,146,2018-05-26,17.44,05:01,21:45,16:43
2018,147,2018-05-27,17.99,05:00,21:46,16:46
2018,148,2018-05-28,19.23,04:59,21:48,16:49
2018,149,2018-05-29,20.22,04:58,21:49,16:51
2018,150,2018-05-30,20.63,04:56,21:51,16:54
2018,151,2018-05-31,19.77,04:55,21:52,16:56
2018,152,2018-06-01,18.85,04:54,21:53,16:58
2018,153,2018-06-02,18.15,04:53,21:55,17:01
2018,154,2018-06-03,17.9,04:52,21:56,17:03
2018,155,2018-06-04,18.87,04:52,21:57,17:05
2018,156,2018-06-05,18.66,04:51,21:58,17:07
2018,157,2018-06-06,19.05,04:50,21:59,17:09
2018,158,2018-06-07,19.68,04:49,22:00,17:10
2018,159,2018-06-08,20.21,04:49,22:01,17:12
2018,160,2018-06-09,,04:48,22:02,17:13
2018,161,2018-06-10,,04:48,22:03,17:15
2018,162,2018-06-11,18.91,04:47,22:04,17:16
2018,163,2018-06-12,17.57,04:47,22:04,17:17
2018,164,2018-06-13,16.33,04:46,22:05,17:18
2018,165,2018-06-14,15.69,04:46,22:06,17:19
2018,166,2018-06-15,15.24,04:46,22:06,17:20
2018,167,2018-06-16,14.34,04:46,22:07,17:21
2018,168,2018-06-17,14.69,04:46,22:07,17:21
2018,169,2018-06-18,15.18,04:46,22:08,17:22
2018,170,2018-06-19,14.87,04:46,22:08,17:22
2018,171,2018-06-20,14.87,04:46,22:08,17:22
2018,172,2018-06-21,14.71,04:46,22:09,17:22
2018,173,2018-06-22,15.42,04:46,22:09,17:22
2018,174,2018-06-23,16.08,04:47,22:09,17:22
2018,175,2018-06-24,16.93,04:47,22:09,17:22
2018,176,2018-06-25,18.18,04:47,22:09,17:21
2018,177,2018-06-26,18.87,04:48,22:09,17:20
2018,178,2018-06-27,19.96,04:48,22:09,17:20
2018,179,2018-06-28,21.45,04:49,22:08,17:19
2018,180,2018-06-29,21.71,04:50,22:08,17:18
2018,181,2018-06-30,22.21,04:50,22:08,17:17
2018,182,2018-07-01,21.57,04:51,22:07,17:16
2018,183,2018-07-02,19.59,04:52,22:07,17:15
2018,184,2018-07-03,19.94,04:53,22:06,17:13
2018,185,2018-07-04,20.99,04:54,22:06,17:12
2018,186,2018-07-05,21.06,04:55,22:05,17:10
2018,187,2018-07-06,19.79,04:56,22:04,17:08
2018,188,2018-07-07,19.92,04:57,22:04,17:06
2018,189,2018-07-08,20.17,04:58,22:03,17:04
2018,190,2018-07-09,19.56,04:59,22:02,17:02
2018,191,2018-07-10,18.91,05:00,22:01,17:00
2018,192,2018-07-11,18.89,05:01,22:00,16:58
2018,193,2018-07-12,18.22,05:03,21:59,16:56
2018,194,2018-07-13,19.22,05:04,21:58,16:53
2018,195,2018-07-14,19.55,05:05,21:57,16:51
2018,196,2018-07-15,19.4,05:07,21:55,16:48
2018,197,2018-07-16,18.36,05:08,21:54,16:45
2018,198,2018-07-17,17.81,05:10,21:53,16:43
2018,199,2018-07-18,18,05:11,21:51,16:40
2018,200,2018-07-19,17.83,05:13,21:50,16:37
2018,201,2018-07-20,18.04,05:14,21:49,16:34
2018,202,2018-07-21,17.83,05:16,21:47,16:31
2018,203,2018-07-22,18.01,05:17,21:46,16:28
2018,204,2018-07-23,18.39,05:19,21:44,16:24
2018,205,2018-07-24,18.47,05:21,21:42,16:21
2018,206,2018-07-25,18.65,05:22,21:41,16:18
2018,207,2018-07-26,19.29,05:24,21:39,16:14
2018,208,2018-07-27,20.02,05:26,21:37,16:11
2018,209,2018-07-28,18.69,05:27,21:36,16:08
2018,210,2018-07-29,15.28,05:29,21:34,16:04
2018,211,2018-07-30,15.95,05:31,21:32,16:00
2018,212,2018-07-31,15.64,05:33,21:30,15:57
2018,213,2018-08-01,15.26,05:35,21:28,15:53
2018,214,2018-08-02,15.94,05:36,21:26,15:49
2018,215,2018-08-03,16.84,05:38,21:24,15:46
2018,216,2018-08-04,17.18,05:40,21:22,15:42
2018,217,2018-08-05,17.44,05:42,21:20,15:38
2018,218,2018-08-06,17.96,05:44,21:18,15:34
2018,219,2018-08-07,18.11,05:45,21:16,15:30
2018,220,2018-08-08,17.63,05:47,21:14,15:26
2018,221,2018-08-09,16.39,05:49,21:12,15:22
2018,222,2018-08-10,16.13,05:51,21:10,15:18
2018,223,2018-08-11,15.95,05:53,21:07,15:14
2018,224,2018-08-12,16.58,05:55,21:05,15:10
2018,225,2018-08-13,17.03,05:57,21:03,15:06
2018,226,2018-08-14,17.16,05:58,21:01,15:02
2018,227,2018-08-15,17.12,06:00,20:58,14:58
2018,228,2018-08-16,16.16,06:02,20:56,14:53
2018,229,2018-08-17,15.68,06:04,20:54,14:49
2018,230,2018-08-18,15.29,06:06,20:52,14:45
2018,231,2018-08-19,15.8,06:08,20:49,14:41
2018,232,2018-08-20,15.99,06:10,20:47,14:37
2018,233,2018-08-21,16.16,06:12,20:45,14:32
2018,234,2018-08-22,16.92,06:14,20:42,14:28
2018,235,2018-08-23,15.44,06:15,20:40,14:24
2018,236,2018-08-24,13.88,06:17,20:37,14:19
2018,237,2018-08-25,13.14,06:19,20:35,14:15
2018,238,2018-08-26,13,06:21,20:32,14:11
2018,239,2018-08-27,13.31,06:23,20:30,14:07
2018,240,2018-08-28,13.59,06:25,20:28,14:02
2018,241,2018-08-29,13.29,06:27,20:25,13:58
2018,242,2018-08-30,13.08,06:29,20:23,13:53
2018,243,2018-08-31,13.26,06:30,20:20,13:49
2018,244,2018-09-01,14.55,06:32,20:18,13:45
2018,245,2018-09-02,15.58,06:34,20:15,13:40
2018,246,2018-09-03,15.53,06:36,20:13,13:36
2018,247,2018-09-04,14.5,06:38,20:10,13:32
2018,248,2018-09-05,13.62,06:40,20:07,13:27
2018,249,2018-09-06,13.39,06:42,20:05,13:23
2018,250,2018-09-07,13.48,06:44,20:02,13:18
2018,251,2018-09-08,13.84,06:45,20:00,13:14
2018,252,2018-09-09,14.41,06:47,19:57,13:09
2018,253,2018-09-10,13.64,06:49,19:55,13:05
2018,254,2018-09-11,12.89,06:51,19:52,13:01
2018,255,2018-09-12,12.65,06:53,19:50,12:56
2018,256,2018-09-13,12.57,06:55,19:47,12:52
2018,257,2018-09-14,12.39,06:57,19:44,12:47
2018,258,2018-09-15,11.76,06:59,19:42,12:43
2018,259,2018-09-16,12.25,07:00,19:39,12:38
2018,260,2018-09-17,12.64,07:02,19:37,12:34
2018,261,2018-09-18,13.86,07:04,19:34,12:29
2018,262,2018-09-19,13.4,07:06,19:31,12:25
2018,263,2018-09-20,11.44,07:08,19:29,12:20
2018,264,2018-09-21,10.79,07:10,19:26,12:16
2018,265,2018-09-22,10.65,07:12,19:24,12:11
2018,266,2018-09-23,10.35,07:14,19:21,12:07
2018,267,2018-09-24,9.96,07:16,19:19,12:03
2018,268,2018-09-25,9.93,07:17,19:16,11:58
2018,269,2018-09-26,11.38,07:19,19:13,11:54
2018,270,2018-09-27,12.32,07:21,19:11,11:49
2018,271,2018-09-28,12.06,07:23,19:08,11:45
2018,272,2018-09-29,11.3,07:25,19:06,11:40
2018,273,2018-09-30,10.81,07:27,19:03,11:36
2018,274,2018-10-01,10.39,07:29,19:01,11:31
2018,275,2018-10-02,11.03,07:31,18:58,11:27
2018,276,2018-10-03,11.62,07:33,18:56,11:22
2018,277,2018-10-04,12.49,07:35,18:53,11:18
2018,278,2018-10-05,11.91,07:37,18:50,11:13
2018,279,2018-10-06,10.85,07:38,18:48,11:09
2018,280,2018-10-07,9.58,07:40,18:45,11:05
2018,281,2018-10-08,10.39,07:42,18:43,11:00
2018,282,2018-10-09,11.86,07:44,18:40,10:56
