Date and Time (UTC),Receiver,Transmitter,Transmitter Name,Transmitter Serial,Sensor Value,Sensor Unit,Station Name,Latitude,Longitude
2018-03-16 12:14:24,VR2W-133182,A69-9001-22693
2018-04-23 10:40:34,VR2W-133182,A69-1601-33459
2018-04-23 10:40:40,VR2W-133182,A69-1601-33459
2018-04-23 10:40:45,VR2W-133182,A69-1601-33459
2018-04-23 10:40:51,VR2W-133182,A69-1601-33459
2018-04-23 10:40:57,VR2W-133182,A69-1601-33459
2018-04-23 10:41:02,VR2W-133182,A69-1601-33459
2018-04-23 10:41:13,VR2W-133182,A69-1601-33459
2018-04-23 11:02:07,VR2W-133182,A69-1601-33459,,,,,Bush Sewage Works 2018
2018-04-23 11:02:13,VR2W-133182,A69-1601-33459,,,,,Bush Sewage Works 2018
2018-04-25 03:43:36,VR2W-133182,A69-1303-4390,,,,,Bush Sewage Works 2018
2018-04-25 03:44:26,VR2W-133182,A69-1303-4390,,,,,Bush Sewage Works 2018
2018-04-25 03:44:51,VR2W-133182,A69-1303-4390,,,,,Bush Sewage Works 2018
2018-04-25 03:45:33,VR2W-133182,A69-1303-4390,,,,,Bush Sewage Works 2018
2018-04-25 03:47:10,VR2W-133182,A69-1303-4390,,,,,Bush Sewage Works 2018
2018-04-25 03:47:34,VR2W-133182,A69-1303-4390,,,,,Bush Sewage Works 2018
2018-04-25 03:48:33,VR2W-133182,A69-1303-4390,,,,,Bush Sewage Works 2018
2018-04-25 03:49:14,VR2W-133182,A69-1303-4390,,,,,Bush Sewage Works 2018
2018-04-25 03:50:59,VR2W-133182,A69-1303-4390,,,,,Bush Sewage Works 2018
2018-04-25 03:51:39,VR2W-133182,A69-1303-4390,,,,,Bush Sewage Works 2018
2018-04-25 03:52:32,VR2W-133182,A69-1303-4390,,,,,Bush Sewage Works 2018
2018-04-25 03:53:08,VR2W-133182,A69-1303-4390,,,,,Bush Sewage Works 2018
2018-04-25 03:54:04,VR2W-133182,A69-1303-4390,,,,,Bush Sewage Works 2018
2018-04-25 03:54:43,VR2W-133182,A69-1303-4390,,,,,Bush Sewage Works 2018
2018-04-25 03:55:04,VR2W-133182,A69-1303-4390,,,,,Bush Sewage Works 2018
2018-04-25 03:56:00,VR2W-133182,A69-1303-4390,,,,,Bush Sewage Works 2018
2018-04-25 03:56:35,VR2W-133182,A69-1303-4390,,,,,Bush Sewage Works 2018
2018-04-25 03:57:05,VR2W-133182,A69-1303-4390,,,,,Bush Sewage Works 2018
2018-04-25 03:57:31,VR2W-133182,A69-1303-4390,,,,,Bush Sewage Works 2018
2018-04-25 03:58:05,VR2W-133182,A69-1303-4390,,,,,Bush Sewage Works 2018
2018-04-25 03:58:54,VR2W-133182,A69-1303-4390,,,,,Bush Sewage Works 2018
2018-04-25 04:00:03,VR2W-133182,A69-1303-4390,,,,,Bush Sewage Works 2018
2018-04-25 04:00:29,VR2W-133182,A69-1303-4390,,,,,Bush Sewage Works 2018
2018-04-25 04:00:55,VR2W-133182,A69-1303-4390,,,,,Bush Sewage Works 2018
2018-04-25 17:04:23,VR2W-133182,A69-1303-4407,,,,,Bush Sewage Works 2018
2018-04-25 17:05:33,VR2W-133182,A69-1303-4407,,,,,Bush Sewage Works 2018
2018-04-25 17:06:09,VR2W-133182,A69-1303-4407,,,,,Bush Sewage Works 2018
2018-04-25 17:06:54,VR2W-133182,A69-1303-4407,,,,,Bush Sewage Works 2018
2018-04-25 17:07:51,VR2W-133182,A69-1303-4407,,,,,Bush Sewage Works 2018
2018-04-25 17:08:41,VR2W-133182,A69-1303-4407,,,,,Bush Sewage Works 2018
2018-04-25 17:10:28,VR2W-133182,A69-1303-4407,,,,,Bush Sewage Works 2018
2018-04-25 20:41:14,VR2W-133182,A69-1303-4400,,,,,Bush Sewage Works 2018
2018-04-25 20:41:55,VR2W-133182,A69-1303-4400,,,,,Bush Sewage Works 2018
2018-04-25 20:42:49,VR2W-133182,A69-1303-4400,,,,,Bush Sewage Works 2018
2018-04-25 20:43:30,VR2W-133182,A69-1303-4400,,,,,Bush Sewage Works 2018
2018-04-25 20:44:09,VR2W-133182,A69-1303-4400,,,,,Bush Sewage Works 2018
2018-04-25 20:44:41,VR2W-133182,A69-1303-4400,,,,,Bush Sewage Works 2018
2018-04-25 20:45:16,VR2W-133182,A69-1303-4400,,,,,Bush Sewage Works 2018
2018-04-25 20:46:14,VR2W-133182,A69-1303-4400,,,,,Bush Sewage Works 2018
2018-04-25 20:47:06,VR2W-133182,A69-1303-4400,,,,,Bush Sewage Works 2018
2018-04-25 20:48:03,VR2W-133182,A69-1303-4400,,,,,Bush Sewage Works 2018
2018-04-25 21:41:31,VR2W-133182,A69-1303-4410,,,,,Bush Sewage Works 2018
2018-04-25 21:42:12,VR2W-133182,A69-1303-4410,,,,,Bush Sewage Works 2018
2018-04-25 21:42:33,VR2W-133182,A69-1303-4410,,,,,Bush Sewage Works 2018
2018-04-25 21:43:17,VR2W-133182,A69-1303-4410,,,,,Bush Sewage Works 2018
2018-04-25 21:43:37,VR2W-133182,A69-1303-4410,,,,,Bush Sewage Works 2018
2018-04-25 21:44:15,VR2W-133182,A69-1303-4410,,,,,Bush Sewage Works 2018
2018-04-25 22:00:16,VR2W-133182,A69-1303-4384,,,,,Bush Sewage Works 2018
2018-04-25 22:02:01,VR2W-133182,A69-1303-4384,,,,,Bush Sewage Works 2018
2018-04-25 22:02:44,VR2W-133182,A69-1303-4384,,,,,Bush Sewage Works 2018
2018-04-25 22:03:23,VR2W-133182,A69-1303-4384,,,,,Bush Sewage Works 2018
2018-04-25 22:04:13,VR2W-133182,A69-1303-4384,,,,,Bush Sewage Works 2018
2018-04-25 22:05:00,VR2W-133182,A69-1303-4384,,,,,Bush Sewage Works 2018
2018-04-25 22:05:42,VR2W-133182,A69-1303-4384,,,,,Bush Sewage Works 2018
2018-04-25 22:06:39,VR2W-133182,A69-1303-4384,,,,,Bush Sewage Works 2018
2018-04-25 22:43:40,VR2W-133182,A69-1303-4404,,,,,Bush Sewage Works 2018
2018-04-25 22:44:12,VR2W-133182,A69-1303-4404,,,,,Bush Sewage Works 2018
2018-04-25 22:44:45,VR2W-133182,A69-1303-4404,,,,,Bush Sewage Works 2018
2018-04-25 22:45:42,VR2W-133182,A69-1303-4404,,,,,Bush Sewage Works 2018
2018-04-25 22:46:19,VR2W-133182,A69-1303-4404,,,,,Bush Sewage Works 2018
2018-04-25 22:47:07,VR2W-133182,A69-1303-4404,,,,,Bush Sewage Works 2018
2018-04-25 22:47:50,VR2W-133182,A69-1303-4404,,,,,Bush Sewage Works 2018
2018-04-25 22:48:14,VR2W-133182,A69-1303-4404,,,,,Bush Sewage Works 2018
2018-04-25 22:48:39,VR2W-133182,A69-1303-4404,,,,,Bush Sewage Works 2018
2018-04-25 22:49:00,VR2W-133182,A69-1303-4404,,,,,Bush Sewage Works 2018
2018-04-25 22:49:41,VR2W-133182,A69-1303-4404,,,,,Bush Sewage Works 2018
2018-04-25 22:50:36,VR2W-133182,A69-1303-4404,,,,,Bush Sewage Works 2018
2018-04-25 22:51:04,VR2W-133182,A69-1303-4404,,,,,Bush Sewage Works 2018
2018-04-25 23:21:23,VR2W-133182,A69-1303-4393,,,,,Bush Sewage Works 2018
2018-04-25 23:22:27,VR2W-133182,A69-1303-4393,,,,,Bush Sewage Works 2018
2018-04-25 23:23:08,VR2W-133182,A69-1303-4393,,,,,Bush Sewage Works 2018
2018-04-25 23:23:36,VR2W-133182,A69-1303-4393,,,,,Bush Sewage Works 2018
2018-04-25 23:24:04,VR2W-133182,A69-1303-4393,,,,,Bush Sewage Works 2018
2018-04-25 23:24:49,VR2W-133182,A69-1303-4393,,,,,Bush Sewage Works 2018
2018-04-25 23:25:26,VR2W-133182,A69-1303-4393,,,,,Bush Sewage Works 2018
2018-04-25 23:26:01,VR2W-133182,A69-1303-4393,,,,,Bush Sewage Works 2018
2018-04-25 23:26:47,VR2W-133182,A69-1303-4393,,,,,Bush Sewage Works 2018
2018-04-25 23:27:26,VR2W-133182,A69-1303-4393,,,,,Bush Sewage Works 2018
2018-04-26 14:12:13,VR2W-133182,A69-1303-4389,,,,,Bush Sewage Works 2018
2018-04-26 14:12:47,VR2W-133182,A69-1303-4389,,,,,Bush Sewage Works 2018
2018-04-26 14:13:22,VR2W-133182,A69-1303-4389,,,,,Bush Sewage Works 2018
2018-04-26 14:14:17,VR2W-133182,A69-1303-4389,,,,,Bush Sewage Works 2018
2018-04-26 14:14:53,VR2W-133182,A69-1303-4389,,,,,Bush Sewage Works 2018
2018-04-26 14:15:42,VR2W-133182,A69-1303-4389,,,,,Bush Sewage Works 2018
2018-04-26 14:16:22,VR2W-133182,A69-1303-4389,,,,,Bush Sewage Works 2018
2018-04-26 14:17:21,VR2W-133182,A69-1303-4389,,,,,Bush Sewage Works 2018
2018-04-26 14:18:46,VR2W-133182,A69-1303-4389,,,,,Bush Sewage Works 2018
2018-04-26 14:19:38,VR2W-133182,A69-1303-4389,,,,,Bush Sewage Works 2018
2018-04-26 14:20:21,VR2W-133182,A69-1303-4389,,,,,Bush Sewage Works 2018
2018-04-26 15:34:35,VR2W-133182,A69-1303-4391,,,,,Bush Sewage Works 2018
2018-04-26 15:36:51,VR2W-133182,A69-1303-4391,,,,,Bush Sewage Works 2018
2018-04-26 15:37:44,VR2W-133182,A69-1303-4391,,,,,Bush Sewage Works 2018
2018-04-26 15:37:58,VR2W-133182,A69-1303-4415,,,,,Bush Sewage Works 2018
2018-04-26 15:38:32,VR2W-133182,A69-1303-4391,,,,,Bush Sewage Works 2018
2018-04-26 15:39:42,VR2W-133182,A69-1303-4391,,,,,Bush Sewage Works 2018
2018-04-26 15:39:59,VR2W-133182,A69-1303-4415,,,,,Bush Sewage Works 2018
2018-04-26 15:40:14,VR2W-133182,A69-1303-4391,,,,,Bush Sewage Works 2018
2018-04-26 15:40:24,VR2W-133182,A69-1303-4415,,,,,Bush Sewage Works 2018
2018-04-26 15:40:47,VR2W-133182,A69-1303-4415,,,,,Bush Sewage Works 2018
2018-04-26 15:41:11,VR2W-133182,A69-1303-4391,,,,,Bush Sewage Works 2018
2018-04-26 15:41:25,VR2W-133182,A69-1303-4415,,,,,Bush Sewage Works 2018
2018-04-26 15:42:04,VR2W-133182,A69-1303-4415,,,,,Bush Sewage Works 2018
2018-04-26 15:42:08,VR2W-133182,A69-1303-4391,,,,,Bush Sewage Works 2018
2018-04-26 15:42:25,VR2W-133182,A69-1303-4415,,,,,Bush Sewage Works 2018
2018-04-26 15:43:03,VR2W-133182,A69-1303-4415,,,,,Bush Sewage Works 2018
2018-04-26 15:43:46,VR2W-133182,A69-1303-4415,,,,,Bush Sewage Works 2018
2018-04-26 15:44:33,VR2W-133182,A69-1303-4415,,,,,Bush Sewage Works 2018
2018-04-26 15:44:55,VR2W-133182,A69-1303-4415,,,,,Bush Sewage Works 2018
2018-04-26 15:45:49,VR2W-133182,A69-1303-4415,,,,,Bush Sewage Works 2018
2018-04-26 15:46:27,VR2W-133182,A69-1303-4415,,,,,Bush Sewage Works 2018
2018-04-26 15:47:02,VR2W-133182,A69-1303-4415,,,,,Bush Sewage Works 2018
2018-04-26 15:48:00,VR2W-133182,A69-1303-4415,,,,,Bush Sewage Works 2018
2018-04-26 15:48:41,VR2W-133182,A69-1303-4415,,,,,Bush Sewage Works 2018
2018-04-26 15:49:25,VR2W-133182,A69-1303-4415,,,,,Bush Sewage Works 2018
2018-04-26 15:50:17,VR2W-133182,A69-1303-4415,,,,,Bush Sewage Works 2018
2018-04-26 15:50:46,VR2W-133182,A69-1303-4415,,,,,Bush Sewage Works 2018
2018-04-26 17:49:13,VR2W-133182,A69-1303-4392,,,,,Bush Sewage Works 2018
2018-04-26 17:51:49,VR2W-133182,A69-1303-4392,,,,,Bush Sewage Works 2018
2018-04-26 17:52:26,VR2W-133182,A69-1303-4392,,,,,Bush Sewage Works 2018
2018-04-26 17:53:03,VR2W-133182,A69-1303-4392,,,,,Bush Sewage Works 2018
2018-04-26 17:53:25,VR2W-133182,A69-1303-4392,,,,,Bush Sewage Works 2018
2018-04-26 17:54:12,VR2W-133182,A69-1303-4392,,,,,Bush Sewage Works 2018
2018-04-26 17:54:39,VR2W-133182,A69-1303-4392,,,,,Bush Sewage Works 2018
2018-04-26 17:55:02,VR2W-133182,A69-1303-4392,,,,,Bush Sewage Works 2018
2018-04-26 17:55:37,VR2W-133182,A69-1303-4392,,,,,Bush Sewage Works 2018
2018-04-26 17:56:02,VR2W-133182,A69-1303-4392,,,,,Bush Sewage Works 2018
2018-04-26 17:56:32,VR2W-133182,A69-1303-4392,,,,,Bush Sewage Works 2018
2018-04-26 17:57:07,VR2W-133182,A69-1303-4392,,,,,Bush Sewage Works 2018
2018-04-26 17:57:57,VR2W-133182,A69-1303-4392,,,,,Bush Sewage Works 2018
2018-04-26 17:58:18,VR2W-133182,A69-1303-4392,,,,,Bush Sewage Works 2018
2018-04-26 17:59:01,VR2W-133182,A69-1303-4392,,,,,Bush Sewage Works 2018
2018-04-26 17:59:37,VR2W-133182,A69-1303-4392,,,,,Bush Sewage Works 2018
2018-04-26 18:00:19,VR2W-133182,A69-1303-4392,,,,,Bush Sewage Works 2018
2018-04-26 18:01:00,VR2W-133182,A69-1303-4392,,,,,Bush Sewage Works 2018
2018-04-26 18:01:54,VR2W-133182,A69-1303-4392,,,,,Bush Sewage Works 2018
2018-04-26 18:03:13,VR2W-133182,A69-1303-4392,,,,,Bush Sewage Works 2018
2018-04-26 18:03:39,VR2W-133182,A69-1303-4392,,,,,Bush Sewage Works 2018
2018-04-26 18:04:24,VR2W-133182,A69-1303-4392,,,,,Bush Sewage Works 2018
2018-04-26 18:04:46,VR2W-133182,A69-1303-4392,,,,,Bush Sewage Works 2018
2018-04-26 18:05:41,VR2W-133182,A69-1303-4392,,,,,Bush Sewage Works 2018
2018-04-26 18:06:05,VR2W-133182,A69-1303-4392,,,,,Bush Sewage Works 2018
2018-04-26 18:06:47,VR2W-133182,A69-1303-4392,,,,,Bush Sewage Works 2018
2018-04-26 18:07:31,VR2W-133182,A69-1303-4392,,,,,Bush Sewage Works 2018
2018-04-26 18:09:32,VR2W-133182,A69-1303-4392,,,,,Bush Sewage Works 2018
2018-04-26 18:10:21,VR2W-133182,A69-1303-4392,,,,,Bush Sewage Works 2018
2018-04-26 18:12:38,VR2W-133182,A69-1303-4392,,,,,Bush Sewage Works 2018
2018-04-26 18:14:02,VR2W-133182,A69-1303-4392,,,,,Bush Sewage Works 2018
2018-04-26 18:14:55,VR2W-133182,A69-1303-4392,,,,,Bush Sewage Works 2018
2018-04-26 18:15:43,VR2W-133182,A69-1303-4392,,,,,Bush Sewage Works 2018
2018-04-26 18:17:27,VR2W-133182,A69-1303-4392,,,,,Bush Sewage Works 2018
2018-04-26 18:17:51,VR2W-133182,A69-1303-4392,,,,,Bush Sewage Works 2018
2018-04-26 18:18:19,VR2W-133182,A69-1303-4392,,,,,Bush Sewage Works 2018
2018-04-26 18:18:53,VR2W-133182,A69-1303-4392,,,,,Bush Sewage Works 2018
2018-04-26 18:19:48,VR2W-133182,A69-1303-4392,,,,,Bush Sewage Works 2018
2018-04-26 18:20:37,VR2W-133182,A69-1303-4392,,,,,Bush Sewage Works 2018
2018-04-26 18:21:37,VR2W-133182,A69-1303-4392,,,,,Bush Sewage Works 2018
2018-04-26 18:22:08,VR2W-133182,A69-1303-4392,,,,,Bush Sewage Works 2018
2018-04-26 18:23:01,VR2W-133182,A69-1303-4392,,,,,Bush Sewage Works 2018
2018-04-26 18:24:27,VR2W-133182,A69-1303-4401,,,,,Bush Sewage Works 2018
2018-04-26 18:24:48,VR2W-133182,A69-1303-4392,,,,,Bush Sewage Works 2018
2018-04-26 18:26:03,VR2W-133182,A69-1303-4401,,,,,Bush Sewage Works 2018
2018-04-26 18:27:03,VR2W-133182,A69-1303-4401,,,,,Bush Sewage Works 2018
2018-04-26 18:27:07,VR2W-133182,A69-1303-4392,,,,,Bush Sewage Works 2018
2018-04-26 18:28:00,VR2W-133182,A69-1303-4392,,,,,Bush Sewage Works 2018
2018-04-26 18:28:31,VR2W-133182,A69-1303-4401,,,,,Bush Sewage Works 2018
2018-04-26 18:28:42,VR2W-133182,A69-1303-4392,,,,,Bush Sewage Works 2018
2018-04-26 18:29:07,VR2W-133182,A69-1303-4392,,,,,Bush Sewage Works 2018
2018-04-26 18:29:27,VR2W-133182,A69-1303-4401,,,,,Bush Sewage Works 2018
2018-04-26 18:29:52,VR2W-133182,A69-1303-4401,,,,,Bush Sewage Works 2018
2018-04-26 18:29:58,VR2W-133182,A69-1303-4392,,,,,Bush Sewage Works 2018
2018-04-26 18:30:47,VR2W-133182,A69-1303-4401,,,,,Bush Sewage Works 2018
2018-04-26 18:30:52,VR2W-133182,A69-1303-4392,,,,,Bush Sewage Works 2018
2018-04-26 18:31:24,VR2W-133182,A69-1303-4392,,,,,Bush Sewage Works 2018
2018-04-26 18:31:49,VR2W-133182,A69-1303-4392,,,,,Bush Sewage Works 2018
2018-04-26 18:32:27,VR2W-133182,A69-1303-4392,,,,,Bush Sewage Works 2018
2018-04-26 18:33:16,VR2W-133182,A69-1303-4392,,,,,Bush Sewage Works 2018
2018-04-26 18:33:47,VR2W-133182,A69-1303-4392,,,,,Bush Sewage Works 2018
2018-04-26 18:34:07,VR2W-133182,A69-1303-4392,,,,,Bush Sewage Works 2018
2018-04-26 18:35:52,VR2W-133182,A69-1303-4392,,,,,Bush Sewage Works 2018
2018-04-26 18:36:41,VR2W-133182,A69-1303-4392,,,,,Bush Sewage Works 2018
2018-04-26 18:37:03,VR2W-133182,A69-1303-4392,,,,,Bush Sewage Works 2018
2018-04-26 18:37:43,VR2W-133182,A69-1303-4392,,,,,Bush Sewage Works 2018
2018-04-26 18:38:04,VR2W-133182,A69-1303-4392,,,,,Bush Sewage Works 2018
2018-04-26 18:38:31,VR2W-133182,A69-1303-4392,,,,,Bush Sewage Works 2018
2018-04-26 18:39:14,VR2W-133182,A69-1303-4392,,,,,Bush Sewage Works 2018
2018-04-26 18:40:12,VR2W-133182,A69-1303-4392,,,,,Bush Sewage Works 2018
2018-04-26 18:40:33,VR2W-133182,A69-1303-4392,,,,,Bush Sewage Works 2018
2018-04-26 18:41:24,VR2W-133182,A69-1303-4392,,,,,Bush Sewage Works 2018
2018-04-26 18:41:57,VR2W-133182,A69-1303-4392,,,,,Bush Sewage Works 2018
2018-04-26 18:42:54,VR2W-133182,A69-1303-4392,,,,,Bush Sewage Works 2018
2018-04-26 18:43:42,VR2W-133182,A69-1303-4392,,,,,Bush Sewage Works 2018
2018-04-26 18:44:21,VR2W-133182,A69-1303-4392,,,,,Bush Sewage Works 2018
2018-04-26 18:44:41,VR2W-133182,A69-1303-4392,,,,,Bush Sewage Works 2018
2018-04-26 18:45:19,VR2W-133182,A69-1303-4392,,,,,Bush Sewage Works 2018
2018-04-26 18:46:14,VR2W-133182,A69-1303-4392,,,,,Bush Sewage Works 2018
2018-04-26 18:47:48,VR2W-133182,A69-1303-4392,,,,,Bush Sewage Works 2018
2018-04-26 18:49:38,VR2W-133182,A69-1303-4392,,,,,Bush Sewage Works 2018
2018-04-26 18:50:32,VR2W-133182,A69-1303-4392,,,,,Bush Sewage Works 2018
2018-04-26 18:51:29,VR2W-133182,A69-1303-4392,,,,,Bush Sewage Works 2018
2018-04-26 18:52:23,VR2W-133182,A69-1303-4392,,,,,Bush Sewage Works 2018
2018-04-26 18:53:23,VR2W-133182,A69-1303-4392,,,,,Bush Sewage Works 2018
2018-04-26 18:54:16,VR2W-133182,A69-1303-4392,,,,,Bush Sewage Works 2018
2018-04-26 18:55:12,VR2W-133182,A69-1303-4392,,,,,Bush Sewage Works 2018
2018-04-26 18:55:49,VR2W-133182,A69-1303-4392,,,,,Bush Sewage Works 2018
2018-04-26 18:57:01,VR2W-133182,A69-1303-4392,,,,,Bush Sewage Works 2018
2018-04-26 18:57:28,VR2W-133182,A69-1303-4392,,,,,Bush Sewage Works 2018
2018-04-26 18:58:03,VR2W-133182,A69-1303-4392,,,,,Bush Sewage Works 2018
2018-04-26 18:58:58,VR2W-133182,A69-1303-4392,,,,,Bush Sewage Works 2018
2018-04-26 18:59:53,VR2W-133182,A69-1303-4392,,,,,Bush Sewage Works 2018
2018-04-26 19:00:41,VR2W-133182,A69-1303-4392,,,,,Bush Sewage Works 2018
2018-04-26 19:02:13,VR2W-133182,A69-1303-4392,,,,,Bush Sewage Works 2018
2018-04-26 19:02:35,VR2W-133182,A69-1303-4392,,,,,Bush Sewage Works 2018
2018-04-26 19:04:43,VR2W-133182,A69-1303-4392,,,,,Bush Sewage Works 2018
2018-04-26 19:05:15,VR2W-133182,A69-1303-4392,,,,,Bush Sewage Works 2018
2018-04-26 19:05:49,VR2W-133182,A69-1303-4392,,,,,Bush Sewage Works 2018
2018-04-26 19:06:44,VR2W-133182,A69-1303-4392,,,,,Bush Sewage Works 2018
2018-04-26 19:07:06,VR2W-133182,A69-1303-4392,,,,,Bush Sewage Works 2018
2018-04-26 19:07:33,VR2W-133182,A69-1303-4392,,,,,Bush Sewage Works 2018
2018-04-26 19:08:27,VR2W-133182,A69-1303-4392,,,,,Bush Sewage Works 2018
2018-04-26 19:09:07,VR2W-133182,A69-1303-4392,,,,,Bush Sewage Works 2018
2018-04-26 19:10:48,VR2W-133182,A69-1303-4392,,,,,Bush Sewage Works 2018
2018-04-26 19:11:37,VR2W-133182,A69-1303-4392,,,,,Bush Sewage Works 2018
2018-04-26 19:12:14,VR2W-133182,A69-1303-4392,,,,,Bush Sewage Works 2018
2018-04-26 19:13:09,VR2W-133182,A69-1303-4392,,,,,Bush Sewage Works 2018
2018-04-26 19:15:08,VR2W-133182,A69-1303-4392,,,,,Bush Sewage Works 2018
2018-04-26 19:17:03,VR2W-133182,A69-1303-4392,,,,,Bush Sewage Works 2018
2018-04-26 19:17:53,VR2W-133182,A69-1303-4392,,,,,Bush Sewage Works 2018
2018-04-26 19:18:44,VR2W-133182,A69-1303-4392,,,,,Bush Sewage Works 2018
2018-04-26 19:19:38,VR2W-133182,A69-1303-4392,,,,,Bush Sewage Works 2018
2018-04-26 19:20:14,VR2W-133182,A69-1303-4392,,,,,Bush Sewage Works 2018
2018-04-26 19:20:47,VR2W-133182,A69-1303-4392,,,,,Bush Sewage Works 2018
2018-04-26 19:21:21,VR2W-133182,A69-1303-4392,,,,,Bush Sewage Works 2018
2018-04-26 19:22:18,VR2W-133182,A69-1303-4392,,,,,Bush Sewage Works 2018
2018-04-26 19:23:03,VR2W-133182,A69-1303-4392,,,,,Bush Sewage Works 2018
2018-04-26 19:23:52,VR2W-133182,A69-1303-4392,,,,,Bush Sewage Works 2018
2018-04-26 19:25:20,VR2W-133182,A69-1303-4392,,,,,Bush Sewage Works 2018
2018-04-26 19:25:58,VR2W-133182,A69-1303-4392,,,,,Bush Sewage Works 2018
2018-04-26 19:26:53,VR2W-133182,A69-1303-4392,,,,,Bush Sewage Works 2018
2018-04-26 19:27:53,VR2W-133182,A69-1303-4392,,,,,Bush Sewage Works 2018
2018-04-26 19:29:13,VR2W-133182,A69-1303-4392,,,,,Bush Sewage Works 2018
2018-04-26 19:31:20,VR2W-133182,A69-1303-4392,,,,,Bush Sewage Works 2018
2018-04-26 19:32:57,VR2W-133182,A69-1303-4392,,,,,Bush Sewage Works 2018
2018-04-26 19:33:44,VR2W-133182,A69-1303-4392,,,,,Bush Sewage Works 2018
2018-04-26 19:34:22,VR2W-133182,A69-1303-4392,,,,,Bush Sewage Works 2018
2018-04-26 19:34:57,VR2W-133182,A69-1303-4392,,,,,Bush Sewage Works 2018
2018-04-26 19:35:43,VR2W-133182,A69-1303-4392,,,,,Bush Sewage Works 2018
2018-04-26 19:36:57,VR2W-133182,A69-1303-4392,,,,,Bush Sewage Works 2018
2018-04-26 19:38:36,VR2W-133182,A69-1303-4392,,,,,Bush Sewage Works 2018
2018-04-26 19:39:06,VR2W-133182,A69-1303-4392,,,,,Bush Sewage Works 2018
2018-04-26 19:39:43,VR2W-133182,A69-1303-4392,,,,,Bush Sewage Works 2018
2018-04-26 19:40:19,VR2W-133182,A69-1303-4392,,,,,Bush Sewage Works 2018
2018-04-26 19:40:55,VR2W-133182,A69-1303-4392,,,,,Bush Sewage Works 2018
2018-04-26 19:41:18,VR2W-133182,A69-1303-4392,,,,,Bush Sewage Works 2018
2018-04-26 19:42:13,VR2W-133182,A69-1303-4392,,,,,Bush Sewage Works 2018
2018-04-26 19:42:45,VR2W-133182,A69-1303-4392,,,,,Bush Sewage Works 2018
2018-04-26 19:43:29,VR2W-133182,A69-1303-4392,,,,,Bush Sewage Works 2018
2018-04-26 19:44:16,VR2W-133182,A69-1303-4392,,,,,Bush Sewage Works 2018
2018-04-26 19:46:36,VR2W-133182,A69-1303-4392,,,,,Bush Sewage Works 2018
2018-04-26 19:47:14,VR2W-133182,A69-1303-4392,,,,,Bush Sewage Works 2018
2018-04-26 19:48:04,VR2W-133182,A69-1303-4392,,,,,Bush Sewage Works 2018
2018-04-26 19:48:24,VR2W-133182,A69-1303-4392,,,,,Bush Sewage Works 2018
2018-04-26 19:49:07,VR2W-133182,A69-1303-4392,,,,,Bush Sewage Works 2018
2018-04-26 19:49:34,VR2W-133182,A69-1303-4392,,,,,Bush Sewage Works 2018
2018-04-26 19:49:58,VR2W-133182,A69-1303-4392,,,,,Bush Sewage Works 2018
2018-04-26 19:51:18,VR2W-133182,A69-1303-4392,,,,,Bush Sewage Works 2018
2018-04-26 19:52:14,VR2W-133182,A69-1303-4392,,,,,Bush Sewage Works 2018
2018-04-26 19:52:35,VR2W-133182,A69-1303-4392,,,,,Bush Sewage Works 2018
2018-04-26 19:52:57,VR2W-133182,A69-1303-4392,,,,,Bush Sewage Works 2018
2018-04-26 19:53:18,VR2W-133182,A69-1303-4392,,,,,Bush Sewage Works 2018
2018-04-26 19:54:15,VR2W-133182,A69-1303-4392,,,,,Bush Sewage Works 2018
2018-04-26 19:55:01,VR2W-133182,A69-1303-4392,,,,,Bush Sewage Works 2018
2018-04-26 19:55:24,VR2W-133182,A69-1303-4392,,,,,Bush Sewage Works 2018
2018-04-26 19:55:54,VR2W-133182,A69-1303-4392,,,,,Bush Sewage Works 2018
2018-04-26 19:56:37,VR2W-133182,A69-1303-4392,,,,,Bush Sewage Works 2018
2018-04-26 19:57:32,VR2W-133182,A69-1303-4392,,,,,Bush Sewage Works 2018
2018-04-26 19:58:14,VR2W-133182,A69-1303-4392,,,,,Bush Sewage Works 2018
2018-04-26 19:59:47,VR2W-133182,A69-1303-4392,,,,,Bush Sewage Works 2018
2018-04-26 20:00:36,VR2W-133182,A69-1303-4392,,,,,Bush Sewage Works 2018
2018-04-26 20:01:14,VR2W-133182,A69-1303-4392,,,,,Bush Sewage Works 2018
2018-04-26 20:02:05,VR2W-133182,A69-1303-4392,,,,,Bush Sewage Works 2018
2018-04-26 20:02:43,VR2W-133182,A69-1303-4392,,,,,Bush Sewage Works 2018
2018-04-26 20:03:08,VR2W-133182,A69-1303-4392,,,,,Bush Sewage Works 2018
2018-04-26 20:03:57,VR2W-133182,A69-1303-4392,,,,,Bush Sewage Works 2018
2018-04-26 20:05:31,VR2W-133182,A69-1303-4392,,,,,Bush Sewage Works 2018
2018-04-26 20:06:31,VR2W-133182,A69-1303-4392,,,,,Bush Sewage Works 2018
2018-04-26 20:06:54,VR2W-133182,A69-1303-4392,,,,,Bush Sewage Works 2018
2018-04-26 20:07:27,VR2W-133182,A69-1303-4392,,,,,Bush Sewage Works 2018
2018-04-26 20:08:03,VR2W-133182,A69-1303-4392,,,,,Bush Sewage Works 2018
2018-04-26 20:08:41,VR2W-133182,A69-1303-4392,,,,,Bush Sewage Works 2018
2018-04-26 20:09:19,VR2W-133182,A69-1303-4392,,,,,Bush Sewage Works 2018
2018-04-26 20:09:51,VR2W-133182,A69-1303-4392,,,,,Bush Sewage Works 2018
2018-04-26 20:10:24,VR2W-133182,A69-1303-4392,,,,,Bush Sewage Works 2018
2018-04-26 20:11:08,VR2W-133182,A69-1303-4392,,,,,Bush Sewage Works 2018
2018-04-26 20:11:41,VR2W-133182,A69-1303-4392,,,,,Bush Sewage Works 2018
2018-04-26 20:12:13,VR2W-133182,A69-1303-4392,,,,,Bush Sewage Works 2018
2018-04-26 20:12:56,VR2W-133182,A69-1303-4392,,,,,Bush Sewage Works 2018
2018-04-26 20:13:50,VR2W-133182,A69-1303-4392,,,,,Bush Sewage Works 2018
2018-04-26 20:14:45,VR2W-133182,A69-1303-4392,,,,,Bush Sewage Works 2018
2018-04-26 20:15:11,VR2W-133182,A69-1303-4392,,,,,Bush Sewage Works 2018
2018-04-26 20:15:33,VR2W-133182,A69-1303-4392,,,,,Bush Sewage Works 2018
2018-04-26 20:16:25,VR2W-133182,A69-1303-4392,,,,,Bush Sewage Works 2018
2018-04-26 20:17:06,VR2W-133182,A69-1303-4392,,,,,Bush Sewage Works 2018
2018-04-26 22:04:49,VR2W-133182,A69-1303-4428,,,,,Bush Sewage Works 2018
2018-04-26 22:05:17,VR2W-133182,A69-1303-4428,,,,,Bush Sewage Works 2018
2018-04-26 22:05:57,VR2W-133182,A69-1303-4428,,,,,Bush Sewage Works 2018
2018-04-26 22:06:34,VR2W-133182,A69-1303-4428,,,,,Bush Sewage Works 2018
2018-04-26 22:07:13,VR2W-133182,A69-1303-4428,,,,,Bush Sewage Works 2018
2018-04-26 22:07:50,VR2W-133182,A69-1303-4428,,,,,Bush Sewage Works 2018
2018-04-26 22:08:40,VR2W-133182,A69-1303-4428,,,,,Bush Sewage Works 2018
2018-04-26 22:09:23,VR2W-133182,A69-1303-4428,,,,,Bush Sewage Works 2018
2018-04-26 22:10:09,VR2W-133182,A69-1303-4428,,,,,Bush Sewage Works 2018
2018-04-26 22:10:35,VR2W-133182,A69-1303-4428,,,,,Bush Sewage Works 2018
2018-04-26 22:11:32,VR2W-133182,A69-1303-4428,,,,,Bush Sewage Works 2018
2018-04-27 00:33:34,VR2W-133182,A69-1303-4383,,,,,Bush Sewage Works 2018
2018-04-27 00:34:34,VR2W-133182,A69-1303-4383,,,,,Bush Sewage Works 2018
2018-04-27 00:35:14,VR2W-133182,A69-1303-4383,,,,,Bush Sewage Works 2018
2018-04-27 00:36:09,VR2W-133182,A69-1303-4383,,,,,Bush Sewage Works 2018
2018-04-27 00:36:47,VR2W-133182,A69-1303-4383,,,,,Bush Sewage Works 2018
2018-04-27 00:37:39,VR2W-133182,A69-1303-4383,,,,,Bush Sewage Works 2018
2018-04-27 00:38:17,VR2W-133182,A69-1303-4383,,,,,Bush Sewage Works 2018
2018-04-27 00:38:45,VR2W-133182,A69-1303-4383,,,,,Bush Sewage Works 2018
2018-04-27 18:48:17,VR2W-133182,A69-1303-4395,,,,,Bush Sewage Works 2018
2018-04-27 18:49:02,VR2W-133182,A69-1303-4395,,,,,Bush Sewage Works 2018
2018-04-27 18:49:48,VR2W-133182,A69-1303-4395,,,,,Bush Sewage Works 2018
2018-04-27 18:50:44,VR2W-133182,A69-1303-4395,,,,,Bush Sewage Works 2018
2018-04-27 18:51:04,VR2W-133182,A69-1303-4395,,,,,Bush Sewage Works 2018
2018-04-27 18:51:36,VR2W-133182,A69-1303-4395,,,,,Bush Sewage Works 2018
2018-04-27 18:51:57,VR2W-133182,A69-1303-4395,,,,,Bush Sewage Works 2018
2018-04-27 18:52:41,VR2W-133182,A69-1303-4395,,,,,Bush Sewage Works 2018
2018-04-27 18:53:23,VR2W-133182,A69-1303-4395,,,,,Bush Sewage Works 2018
2018-04-27 18:53:54,VR2W-133182,A69-1303-4395,,,,,Bush Sewage Works 2018
2018-04-27 18:54:14,VR2W-133182,A69-1303-4395,,,,,Bush Sewage Works 2018
2018-04-27 18:54:50,VR2W-133182,A69-1303-4395,,,,,Bush Sewage Works 2018
2018-04-27 18:55:29,VR2W-133182,A69-1303-4395,,,,,Bush Sewage Works 2018
2018-04-27 18:55:49,VR2W-133182,A69-1303-4395,,,,,Bush Sewage Works 2018
2018-04-27 18:56:30,VR2W-133182,A69-1303-4395,,,,,Bush Sewage Works 2018
2018-04-27 18:57:28,VR2W-133182,A69-1303-4395,,,,,Bush Sewage Works 2018
2018-04-27 18:58:18,VR2W-133182,A69-1303-4395,,,,,Bush Sewage Works 2018
2018-04-27 18:59:05,VR2W-133182,A69-1303-4395,,,,,Bush Sewage Works 2018
2018-04-27 20:26:39,VR2W-133182,A69-1303-4388,,,,,Bush Sewage Works 2018
2018-04-27 20:28:50,VR2W-133182,A69-1303-4388,,,,,Bush Sewage Works 2018
2018-04-27 20:30:27,VR2W-133182,A69-1303-4388,,,,,Bush Sewage Works 2018
2018-04-27 20:30:55,VR2W-133182,A69-1303-4388,,,,,Bush Sewage Works 2018
2018-04-27 20:31:35,VR2W-133182,A69-1303-4388,,,,,Bush Sewage Works 2018
2018-04-27 20:32:04,VR2W-133182,A69-1303-4388,,,,,Bush Sewage Works 2018
2018-04-27 20:33:02,VR2W-133182,A69-1303-4388,,,,,Bush Sewage Works 2018
2018-04-27 20:33:59,VR2W-133182,A69-1303-4388,,,,,Bush Sewage Works 2018
2018-04-27 20:38:28,VR2W-133182,A69-1303-4431,,,,,Bush Sewage Works 2018
2018-04-27 20:40:25,VR2W-133182,A69-1303-4431,,,,,Bush Sewage Works 2018
2018-04-27 20:40:45,VR2W-133182,A69-1303-4431,,,,,Bush Sewage Works 2018
2018-04-27 20:41:40,VR2W-133182,A69-1303-4431,,,,,Bush Sewage Works 2018
2018-04-27 20:42:29,VR2W-133182,A69-1303-4431,,,,,Bush Sewage Works 2018
2018-04-27 20:43:29,VR2W-133182,A69-1303-4431,,,,,Bush Sewage Works 2018
2018-04-27 20:44:11,VR2W-133182,A69-1303-4431,,,,,Bush Sewage Works 2018
2018-04-27 20:45:07,VR2W-133182,A69-1303-4431,,,,,Bush Sewage Works 2018
2018-04-27 21:21:34,VR2W-133182,A69-1303-4408,,,,,Bush Sewage Works 2018
2018-04-27 21:22:49,VR2W-133182,A69-1303-4408,,,,,Bush Sewage Works 2018
2018-04-27 21:23:31,VR2W-133182,A69-1303-4408,,,,,Bush Sewage Works 2018
2018-04-27 21:24:26,VR2W-133182,A69-1303-4408,,,,,Bush Sewage Works 2018
2018-04-27 21:25:20,VR2W-133182,A69-1303-4408,,,,,Bush Sewage Works 2018
2018-04-27 21:26:05,VR2W-133182,A69-1303-4408,,,,,Bush Sewage Works 2018
2018-04-27 21:26:46,VR2W-133182,A69-1303-4408,,,,,Bush Sewage Works 2018
2018-04-27 21:27:30,VR2W-133182,A69-1303-4408,,,,,Bush Sewage Works 2018
2018-04-27 21:28:29,VR2W-133182,A69-1303-4408,,,,,Bush Sewage Works 2018
2018-04-27 21:52:39,VR2W-133182,A69-1303-4379,,,,,Bush Sewage Works 2018
2018-04-27 21:54:07,VR2W-133182,A69-1303-4379,,,,,Bush Sewage Works 2018
2018-04-27 21:54:59,VR2W-133182,A69-1303-4379,,,,,Bush Sewage Works 2018
2018-04-27 21:55:44,VR2W-133182,A69-1303-4379,,,,,Bush Sewage Works 2018
2018-04-27 21:56:34,VR2W-133182,A69-1303-4379,,,,,Bush Sewage Works 2018
2018-04-27 21:57:15,VR2W-133182,A69-1303-4379,,,,,Bush Sewage Works 2018
2018-04-28 18:31:44,VR2W-133182,A69-1303-4427,,,,,Bush Sewage Works 2018
2018-04-28 18:35:33,VR2W-133182,A69-1303-4427,,,,,Bush Sewage Works 2018
2018-04-28 18:37:26,VR2W-133182,A69-1303-4427,,,,,Bush Sewage Works 2018
2018-04-28 18:40:18,VR2W-133182,A69-1303-4427,,,,,Bush Sewage Works 2018
2018-04-28 18:50:03,VR2W-133182,A69-1303-4427,,,,,Bush Sewage Works 2018
2018-04-28 18:50:35,VR2W-133182,A69-1303-4427,,,,,Bush Sewage Works 2018
2018-04-28 18:56:27,VR2W-133182,A69-1303-4427,,,,,Bush Sewage Works 2018
2018-04-28 19:01:38,VR2W-133182,A69-1303-4427,,,,,Bush Sewage Works 2018
2018-04-28 19:07:14,VR2W-133182,A69-1303-4427,,,,,Bush Sewage Works 2018
2018-04-28 19:09:26,VR2W-133182,A69-1303-4427,,,,,Bush Sewage Works 2018
2018-04-28 19:13:09,VR2W-133182,A69-1303-4427,,,,,Bush Sewage Works 2018
2018-04-28 19:13:54,VR2W-133182,A69-1303-4427,,,,,Bush Sewage Works 2018
2018-04-28 19:14:53,VR2W-133182,A69-1303-4427,,,,,Bush Sewage Works 2018
2018-04-28 19:15:52,VR2W-133182,A69-1303-4427,,,,,Bush Sewage Works 2018
2018-04-28 19:27:47,VR2W-133182,A69-1303-4427,,,,,Bush Sewage Works 2018
2018-04-28 19:31:39,VR2W-133182,A69-1303-4427,,,,,Bush Sewage Works 2018
2018-04-28 19:39:07,VR2W-133182,A69-1303-4427,,,,,Bush Sewage Works 2018
2018-04-28 19:39:31,VR2W-133182,A69-1303-4427,,,,,Bush Sewage Works 2018
2018-04-28 19:52:59,VR2W-133182,A69-1303-4427,,,,,Bush Sewage Works 2018
2018-04-28 20:07:38,VR2W-133182,A69-1303-4427,,,,,Bush Sewage Works 2018
2018-04-28 20:08:00,VR2W-133182,A69-1303-4427,,,,,Bush Sewage Works 2018
2018-04-28 20:11:03,VR2W-133182,A69-1303-4427,,,,,Bush Sewage Works 2018
2018-04-28 20:19:28,VR2W-133182,A69-1303-4427,,,,,Bush Sewage Works 2018
2018-04-28 20:20:51,VR2W-133182,A69-1303-4427,,,,,Bush Sewage Works 2018
2018-04-28 20:21:25,VR2W-133182,A69-1303-4427,,,,,Bush Sewage Works 2018
2018-04-28 20:22:06,VR2W-133182,A69-1303-4427,,,,,Bush Sewage Works 2018
2018-04-28 20:22:34,VR2W-133182,A69-1303-4427,,,,,Bush Sewage Works 2018
2018-04-28 20:22:56,VR2W-133182,A69-1303-4427,,,,,Bush Sewage Works 2018
2018-04-28 20:23:35,VR2W-133182,A69-1303-4427,,,,,Bush Sewage Works 2018
2018-04-28 20:24:16,VR2W-133182,A69-1303-4427,,,,,Bush Sewage Works 2018
2018-04-28 20:24:56,VR2W-133182,A69-1303-4427,,,,,Bush Sewage Works 2018
2018-04-28 20:25:18,VR2W-133182,A69-1303-4427,,,,,Bush Sewage Works 2018
2018-04-28 20:26:18,VR2W-133182,A69-1303-4427,,,,,Bush Sewage Works 2018
2018-04-28 20:26:41,VR2W-133182,A69-1303-4427,,,,,Bush Sewage Works 2018
2018-04-28 20:27:34,VR2W-133182,A69-1303-4427,,,,,Bush Sewage Works 2018
2018-04-28 20:28:19,VR2W-133182,A69-1303-4427,,,,,Bush Sewage Works 2018
2018-04-28 20:28:47,VR2W-133182,A69-1303-4427,,,,,Bush Sewage Works 2018
2018-04-28 20:29:47,VR2W-133182,A69-1303-4427,,,,,Bush Sewage Works 2018
2018-04-28 20:30:37,VR2W-133182,A69-1303-4427,,,,,Bush Sewage Works 2018
2018-04-28 20:31:03,VR2W-133182,A69-1303-4427,,,,,Bush Sewage Works 2018
2018-04-28 20:31:40,VR2W-133182,A69-1303-4427,,,,,Bush Sewage Works 2018
2018-04-28 20:32:29,VR2W-133182,A69-1303-4427,,,,,Bush Sewage Works 2018
2018-04-28 20:33:08,VR2W-133182,A69-1303-4427,,,,,Bush Sewage Works 2018
2018-04-28 20:33:43,VR2W-133182,A69-1303-4427,,,,,Bush Sewage Works 2018
2018-04-28 20:34:16,VR2W-133182,A69-1303-4427,,,,,Bush Sewage Works 2018
2018-04-28 20:35:04,VR2W-133182,A69-1303-4427,,,,,Bush Sewage Works 2018
2018-04-28 20:35:27,VR2W-133182,A69-1303-4427,,,,,Bush Sewage Works 2018
2018-04-28 20:35:57,VR2W-133182,A69-1303-4427,,,,,Bush Sewage Works 2018
2018-04-28 20:36:40,VR2W-133182,A69-1303-4427,,,,,Bush Sewage Works 2018
2018-04-28 20:37:33,VR2W-133182,A69-1303-4427,,,,,Bush Sewage Works 2018
2018-04-28 20:37:53,VR2W-133182,A69-1303-4427,,,,,Bush Sewage Works 2018
2018-04-28 20:38:22,VR2W-133182,A69-1303-4427,,,,,Bush Sewage Works 2018
2018-04-28 20:38:43,VR2W-133182,A69-1303-4427,,,,,Bush Sewage Works 2018
2018-04-28 20:39:16,VR2W-133182,A69-1303-4427,,,,,Bush Sewage Works 2018
2018-04-28 20:40:12,VR2W-133182,A69-1303-4427,,,,,Bush Sewage Works 2018
2018-04-28 20:41:10,VR2W-133182,A69-1303-4427,,,,,Bush Sewage Works 2018
2018-04-28 20:42:05,VR2W-133182,A69-1303-4427,,,,,Bush Sewage Works 2018
2018-04-28 20:43:04,VR2W-133182,A69-1303-4427,,,,,Bush Sewage Works 2018
2018-04-28 20:43:28,VR2W-133182,A69-1303-4427,,,,,Bush Sewage Works 2018
2018-04-28 20:43:58,VR2W-133182,A69-1303-4427,,,,,Bush Sewage Works 2018
2018-04-28 20:44:45,VR2W-133182,A69-1303-4427,,,,,Bush Sewage Works 2018
2018-04-28 20:45:34,VR2W-133182,A69-1303-4427,,,,,Bush Sewage Works 2018
2018-04-28 20:46:06,VR2W-133182,A69-1303-4427,,,,,Bush Sewage Works 2018
2018-04-28 20:46:27,VR2W-133182,A69-1303-4427,,,,,Bush Sewage Works 2018
2018-04-28 20:47:24,VR2W-133182,A69-1303-4427,,,,,Bush Sewage Works 2018
2018-04-28 20:48:22,VR2W-133182,A69-1303-4427,,,,,Bush Sewage Works 2018
2018-04-28 20:49:19,VR2W-133182,A69-1303-4427,,,,,Bush Sewage Works 2018
2018-04-28 20:50:02,VR2W-133182,A69-1303-4427,,,,,Bush Sewage Works 2018
2018-04-28 20:50:39,VR2W-133182,A69-1303-4427,,,,,Bush Sewage Works 2018
2018-04-28 21:41:14,VR2W-133182,A69-1303-4417,,,,,Bush Sewage Works 2018
2018-04-28 21:43:10,VR2W-133182,A69-1303-4417,,,,,Bush Sewage Works 2018
2018-04-28 21:43:39,VR2W-133182,A69-1303-4417,,,,,Bush Sewage Works 2018
2018-04-28 21:44:17,VR2W-133182,A69-1303-4417,,,,,Bush Sewage Works 2018
2018-04-28 21:44:56,VR2W-133182,A69-1303-4417,,,,,Bush Sewage Works 2018
2018-04-28 21:45:38,VR2W-133182,A69-1303-4417,,,,,Bush Sewage Works 2018
2018-04-28 21:46:34,VR2W-133182,A69-1303-4417,,,,,Bush Sewage Works 2018
2018-04-28 21:46:58,VR2W-133182,A69-1303-4417,,,,,Bush Sewage Works 2018
2018-04-28 21:47:44,VR2W-133182,A69-1303-4417,,,,,Bush Sewage Works 2018
2018-04-28 21:48:24,VR2W-133182,A69-1303-4417,,,,,Bush Sewage Works 2018
2018-04-28 21:48:55,VR2W-133182,A69-1303-4417,,,,,Bush Sewage Works 2018
2018-04-28 21:49:36,VR2W-133182,A69-1303-4417,,,,,Bush Sewage Works 2018
2018-04-28 21:49:58,VR2W-133182,A69-1303-4417,,,,,Bush Sewage Works 2018
2018-04-28 21:50:37,VR2W-133182,A69-1303-4417,,,,,Bush Sewage Works 2018
2018-04-28 21:51:15,VR2W-133182,A69-1303-4417,,,,,Bush Sewage Works 2018
2018-04-29 01:18:17,VR2W-133182,A69-1303-4413,,,,,Bush Sewage Works 2018
2018-04-29 01:18:39,VR2W-133182,A69-1303-4413,,,,,Bush Sewage Works 2018
2018-04-29 01:19:36,VR2W-133182,A69-1303-4413,,,,,Bush Sewage Works 2018
2018-04-29 01:19:59,VR2W-133182,A69-1303-4413,,,,,Bush Sewage Works 2018
2018-04-29 01:21:27,VR2W-133182,A69-1303-4413,,,,,Bush Sewage Works 2018
2018-04-29 01:22:19,VR2W-133182,A69-1303-4413,,,,,Bush Sewage Works 2018
2018-04-29 01:23:14,VR2W-133182,A69-1303-4413,,,,,Bush Sewage Works 2018
2018-04-29 01:24:11,VR2W-133182,A69-1303-4413,,,,,Bush Sewage Works 2018
2018-04-29 01:24:48,VR2W-133182,A69-1303-4413,,,,,Bush Sewage Works 2018
2018-04-29 01:25:45,VR2W-133182,A69-1303-4413,,,,,Bush Sewage Works 2018
2018-04-29 01:26:39,VR2W-133182,A69-1303-4413,,,,,Bush Sewage Works 2018
2018-04-29 01:27:38,VR2W-133182,A69-1303-4413,,,,,Bush Sewage Works 2018
2018-04-29 01:28:22,VR2W-133182,A69-1303-4413,,,,,Bush Sewage Works 2018
2018-04-29 16:06:32,VR2W-133182,A69-1303-4426,,,,,Bush Sewage Works 2018
2018-04-29 16:06:56,VR2W-133182,A69-1303-4426,,,,,Bush Sewage Works 2018
2018-04-29 16:08:43,VR2W-133182,A69-1303-4426,,,,,Bush Sewage Works 2018
2018-04-29 16:09:36,VR2W-133182,A69-1303-4426,,,,,Bush Sewage Works 2018
2018-04-29 16:10:29,VR2W-133182,A69-1303-4426,,,,,Bush Sewage Works 2018
2018-04-29 16:10:49,VR2W-133182,A69-1303-4426,,,,,Bush Sewage Works 2018
2018-04-29 16:11:32,VR2W-133182,A69-1303-4426,,,,,Bush Sewage Works 2018
2018-04-29 16:12:23,VR2W-133182,A69-1303-4426,,,,,Bush Sewage Works 2018
2018-04-29 16:12:57,VR2W-133182,A69-1303-4426,,,,,Bush Sewage Works 2018
2018-04-29 16:13:28,VR2W-133182,A69-1303-4426,,,,,Bush Sewage Works 2018
2018-04-29 16:13:53,VR2W-133182,A69-1303-4426,,,,,Bush Sewage Works 2018
2018-04-29 20:15:16,VR2W-133182,A69-1303-4422,,,,,Bush Sewage Works 2018
2018-04-29 20:16:41,VR2W-133182,A69-1303-4422,,,,,Bush Sewage Works 2018
2018-04-29 20:18:03,VR2W-133182,A69-1303-4422,,,,,Bush Sewage Works 2018
2018-04-29 20:18:31,VR2W-133182,A69-1303-4422,,,,,Bush Sewage Works 2018
2018-04-29 20:19:10,VR2W-133182,A69-1303-4422,,,,,Bush Sewage Works 2018
2018-04-29 20:20:06,VR2W-133182,A69-1303-4422,,,,,Bush Sewage Works 2018
2018-04-29 20:20:41,VR2W-133182,A69-1303-4422,,,,,Bush Sewage Works 2018
2018-04-29 20:21:40,VR2W-133182,A69-1303-4422,,,,,Bush Sewage Works 2018
2018-04-29 20:22:09,VR2W-133182,A69-1303-4422,,,,,Bush Sewage Works 2018
2018-04-29 20:22:32,VR2W-133182,A69-1303-4422,,,,,Bush Sewage Works 2018
2018-04-29 20:23:25,VR2W-133182,A69-1303-4422,,,,,Bush Sewage Works 2018
2018-04-29 20:24:22,VR2W-133182,A69-1303-4422,,,,,Bush Sewage Works 2018
2018-04-29 20:25:10,VR2W-133182,A69-1303-4422,,,,,Bush Sewage Works 2018
2018-04-29 20:25:43,VR2W-133182,A69-1303-4422,,,,,Bush Sewage Works 2018
2018-04-29 23:19:39,VR2W-133182,A69-1303-4416,,,,,Bush Sewage Works 2018
2018-04-29 23:20:05,VR2W-133182,A69-1303-4416,,,,,Bush Sewage Works 2018
2018-04-29 23:20:27,VR2W-133182,A69-1303-4416,,,,,Bush Sewage Works 2018
2018-04-29 23:21:04,VR2W-133182,A69-1303-4416,,,,,Bush Sewage Works 2018
2018-04-29 23:21:34,VR2W-133182,A69-1303-4416,,,,,Bush Sewage Works 2018
2018-04-29 23:22:04,VR2W-133182,A69-1303-4416,,,,,Bush Sewage Works 2018
2018-04-29 23:22:44,VR2W-133182,A69-1303-4416,,,,,Bush Sewage Works 2018
2018-04-29 23:23:22,VR2W-133182,A69-1303-4416,,,,,Bush Sewage Works 2018
2018-04-29 23:23:55,VR2W-133182,A69-1303-4416,,,,,Bush Sewage Works 2018
2018-04-29 23:24:22,VR2W-133182,A69-1303-4416,,,,,Bush Sewage Works 2018
2018-04-30 18:44:17,VR2W-133182,A69-1303-4424,,,,,Bush Sewage Works 2018
2018-04-30 18:46:45,VR2W-133182,A69-1303-4424,,,,,Bush Sewage Works 2018
2018-04-30 18:47:11,VR2W-133182,A69-1303-4424,,,,,Bush Sewage Works 2018
2018-04-30 18:47:46,VR2W-133182,A69-1303-4424,,,,,Bush Sewage Works 2018
2018-04-30 18:48:35,VR2W-133182,A69-1303-4424,,,,,Bush Sewage Works 2018
2018-04-30 18:48:57,VR2W-133182,A69-1303-4424,,,,,Bush Sewage Works 2018
2018-04-30 18:49:57,VR2W-133182,A69-1303-4424,,,,,Bush Sewage Works 2018
2018-04-30 18:50:40,VR2W-133182,A69-1303-4424,,,,,Bush Sewage Works 2018
2018-04-30 18:51:30,VR2W-133182,A69-1303-4424,,,,,Bush Sewage Works 2018
2018-04-30 18:51:52,VR2W-133182,A69-1303-4424,,,,,Bush Sewage Works 2018
2018-04-30 18:52:34,VR2W-133182,A69-1303-4424,,,,,Bush Sewage Works 2018
2018-04-30 18:53:08,VR2W-133182,A69-1303-4424,,,,,Bush Sewage Works 2018
2018-04-30 18:53:40,VR2W-133182,A69-1303-4424,,,,,Bush Sewage Works 2018
2018-04-30 18:54:00,VR2W-133182,A69-1303-4424,,,,,Bush Sewage Works 2018
2018-04-30 18:54:37,VR2W-133182,A69-1303-4424,,,,,Bush Sewage Works 2018
2018-04-30 18:55:27,VR2W-133182,A69-1303-4424,,,,,Bush Sewage Works 2018
2018-05-01 16:29:27,VR2W-133182,A69-1303-4414,,,,,Bush Sewage Works 2018
2018-05-01 16:32:37,VR2W-133182,A69-1303-4414,,,,,Bush Sewage Works 2018
2018-05-01 16:34:21,VR2W-133182,A69-1303-4414,,,,,Bush Sewage Works 2018
2018-05-01 16:35:15,VR2W-133182,A69-1303-4414,,,,,Bush Sewage Works 2018
2018-05-01 16:35:46,VR2W-133182,A69-1303-4414,,,,,Bush Sewage Works 2018
2018-05-01 16:36:28,VR2W-133182,A69-1303-4414,,,,,Bush Sewage Works 2018
2018-05-01 16:36:49,VR2W-133182,A69-1303-4414,,,,,Bush Sewage Works 2018
2018-05-01 16:37:46,VR2W-133182,A69-1303-4414,,,,,Bush Sewage Works 2018
2018-05-01 16:38:41,VR2W-133182,A69-1303-4414,,,,,Bush Sewage Works 2018
2018-05-01 16:39:33,VR2W-133182,A69-1303-4414,,,,,Bush Sewage Works 2018
2018-05-02 15:09:34,VR2W-133182,A69-1303-4418,,,,,Bush Sewage Works 2018
2018-05-02 15:10:28,VR2W-133182,A69-1303-4418,,,,,Bush Sewage Works 2018
2018-05-02 15:11:28,VR2W-133182,A69-1303-4418,,,,,Bush Sewage Works 2018
2018-05-02 15:11:54,VR2W-133182,A69-1303-4418,,,,,Bush Sewage Works 2018
2018-05-02 15:12:21,VR2W-133182,A69-1303-4418,,,,,Bush Sewage Works 2018
2018-05-02 15:13:11,VR2W-133182,A69-1303-4418,,,,,Bush Sewage Works 2018
2018-05-02 15:13:53,VR2W-133182,A69-1303-4418,,,,,Bush Sewage Works 2018
2018-05-02 15:14:31,VR2W-133182,A69-1303-4418,,,,,Bush Sewage Works 2018
2018-05-02 15:15:28,VR2W-133182,A69-1303-4418,,,,,Bush Sewage Works 2018
2018-05-02 15:16:04,VR2W-133182,A69-1303-4418,,,,,Bush Sewage Works 2018
2018-05-02 15:16:32,VR2W-133182,A69-1303-4418,,,,,Bush Sewage Works 2018
2018-05-03 13:16:50,VR2W-133182,A69-1303-4350,,,,,Bush Sewage Works 2018
2018-05-03 13:17:46,VR2W-133182,A69-1303-4350,,,,,Bush Sewage Works 2018
2018-05-03 13:18:21,VR2W-133182,A69-1303-4350,,,,,Bush Sewage Works 2018
2018-05-03 13:19:21,VR2W-133182,A69-1303-4350,,,,,Bush Sewage Works 2018
2018-05-03 13:20:15,VR2W-133182,A69-1303-4350,,,,,Bush Sewage Works 2018
2018-05-03 13:20:46,VR2W-133182,A69-1303-4350,,,,,Bush Sewage Works 2018
2018-05-03 13:21:33,VR2W-133182,A69-1303-4350,,,,,Bush Sewage Works 2018
2018-05-03 22:34:21,VR2W-133182,A69-1303-4380,,,,,Bush Sewage Works 2018
2018-05-03 22:35:18,VR2W-133182,A69-1303-4380,,,,,Bush Sewage Works 2018
2018-05-03 22:35:44,VR2W-133182,A69-1303-4380,,,,,Bush Sewage Works 2018
2018-05-03 22:36:29,VR2W-133182,A69-1303-4380,,,,,Bush Sewage Works 2018
2018-05-03 22:36:49,VR2W-133182,A69-1303-4380,,,,,Bush Sewage Works 2018
2018-05-03 22:37:37,VR2W-133182,A69-1303-4380,,,,,Bush Sewage Works 2018
2018-05-03 22:38:34,VR2W-133182,A69-1303-4380,,,,,Bush Sewage Works 2018
2018-05-03 22:39:25,VR2W-133182,A69-1303-4380,,,,,Bush Sewage Works 2018
2018-05-03 22:39:53,VR2W-133182,A69-1303-4380,,,,,Bush Sewage Works 2018
2018-05-05 22:01:50,VR2W-133182,A69-1303-4346,,,,,Bush Sewage Works 2018
2018-05-05 22:02:24,VR2W-133182,A69-1303-4346,,,,,Bush Sewage Works 2018
2018-05-05 22:03:08,VR2W-133182,A69-1303-4346,,,,,Bush Sewage Works 2018
2018-05-05 22:03:58,VR2W-133182,A69-1303-4346,,,,,Bush Sewage Works 2018
2018-05-05 22:04:18,VR2W-133182,A69-1303-4346,,,,,Bush Sewage Works 2018
2018-05-05 22:05:04,VR2W-133182,A69-1303-4346,,,,,Bush Sewage Works 2018
2018-05-05 22:05:49,VR2W-133182,A69-1303-4346,,,,,Bush Sewage Works 2018
2018-05-05 22:06:44,VR2W-133182,A69-1303-4346,,,,,Bush Sewage Works 2018
2018-05-05 22:07:21,VR2W-133182,A69-1303-4346,,,,,Bush Sewage Works 2018
2018-05-05 22:08:14,VR2W-133182,A69-1303-4346,,,,,Bush Sewage Works 2018
2018-05-06 14:13:29,VR2W-133182,A69-1303-4354,,,,,Bush Sewage Works 2018
2018-05-06 14:14:27,VR2W-133182,A69-1303-4354,,,,,Bush Sewage Works 2018
2018-05-06 14:15:14,VR2W-133182,A69-1303-4354,,,,,Bush Sewage Works 2018
2018-05-06 14:15:58,VR2W-133182,A69-1303-4354,,,,,Bush Sewage Works 2018
2018-05-06 14:16:49,VR2W-133182,A69-1303-4354,,,,,Bush Sewage Works 2018
2018-05-06 14:17:15,VR2W-133182,A69-1303-4354,,,,,Bush Sewage Works 2018
2018-05-06 14:18:04,VR2W-133182,A69-1303-4354,,,,,Bush Sewage Works 2018
2018-05-06 14:18:25,VR2W-133182,A69-1303-4354,,,,,Bush Sewage Works 2018
2018-05-06 14:19:03,VR2W-133182,A69-1303-4354,,,,,Bush Sewage Works 2018
2018-05-07 17:06:53,VR2W-133182,A69-1303-4334,,,,,Bush Sewage Works 2018
2018-05-07 17:07:43,VR2W-133182,A69-1303-4334,,,,,Bush Sewage Works 2018
2018-05-07 17:08:27,VR2W-133182,A69-1303-4334,,,,,Bush Sewage Works 2018
2018-05-07 17:09:07,VR2W-133182,A69-1303-4334,,,,,Bush Sewage Works 2018
2018-05-07 17:10:01,VR2W-133182,A69-1303-4334,,,,,Bush Sewage Works 2018
2018-05-07 17:10:21,VR2W-133182,A69-1303-4334,,,,,Bush Sewage Works 2018
2018-05-07 17:10:59,VR2W-133182,A69-1303-4334,,,,,Bush Sewage Works 2018
2018-05-07 17:11:30,VR2W-133182,A69-1303-4334,,,,,Bush Sewage Works 2018
2018-05-07 17:11:57,VR2W-133182,A69-1303-4334,,,,,Bush Sewage Works 2018
2018-05-07 17:12:27,VR2W-133182,A69-1303-4334,,,,,Bush Sewage Works 2018
2018-05-17 12:56:23,VR2W-133182,A69-1303-4332,,,,,Bush Sewage Works 2018
2018-05-17 12:56:43,VR2W-133182,A69-1303-4332,,,,,Bush Sewage Works 2018
2018-05-17 12:57:41,VR2W-133182,A69-1303-4332,,,,,Bush Sewage Works 2018
2018-05-17 12:58:11,VR2W-133182,A69-1303-4332,,,,,Bush Sewage Works 2018
2018-05-17 12:58:40,VR2W-133182,A69-1303-4332,,,,,Bush Sewage Works 2018
2018-05-17 12:59:21,VR2W-133182,A69-1303-4332,,,,,Bush Sewage Works 2018
2018-05-17 13:00:15,VR2W-133182,A69-1303-4332,,,,,Bush Sewage Works 2018
2018-05-17 13:01:38,VR2W-133182,A69-1303-4332,,,,,Bush Sewage Works 2018
